nome_promotoria,entrancia,ID_promotoria
1ª PJ da Capital,3ª Entrância,2
2ª PJ da Capital,3ª Entrância,3
3ª PJ da Capital,3ª Entrância,4
4ª PJ da Capital,3ª Entrância,5
5ª PJ da Capital,3ª Entrância,6
6ª PJ da Capital,3ª Entrância,7
7ª PJ da Capital,3ª Entrância,8
8ª PJ da Capital,3ª Entrância,9
9ª PJ da Capital,3ª Entrância,10
10ª PJ da Capital,3ª Entrância,11
11ª PJ da Capital,3ª Entrância,12
12ª PJ da Capital,3ª Entrância,13
13ª PJ da Capital,3ª Entrância,14
14ª PJ da Capital,3ª Entrância,15
15ª PJ da Capital,3ª Entrância,16
16ª PJ da Capital,3ª Entrância,17
17ª PJ da Capital,3ª Entrância,18
18ª PJ da Capital,3ª Entrância,19
19ª PJ da Capital,3ª Entrância,20
20ª PJ da Capital,3ª Entrância,21
21ª PJ da Capital,3ª Entrância,22
22ª PJ da Capital,3ª Entrância,23
23ª PJ da Capital,3ª Entrância,24
24ª PJ da Capital,3ª Entrância,25
25ª PJ da Capital,3ª Entrância,26
26ª PJ da Capital,3ª Entrância,27
27ª PJ da Capital,3ª Entrância,28
28ª PJ da Capital,3ª Entrância,29
29ª PJ da Capital,3ª Entrância,30
30ª PJ da Capital,3ª Entrância,31
31ª PJ da Capital,3ª Entrância,32
32ª PJ da Capital,3ª Entrância,33
33ª PJ da Capital,3ª Entrância,34
34ª PJ da Capital,3ª Entrância,35
35ª PJ da Capital,3ª Entrância,36
36ª PJ da Capital,3ª Entrância,37
37ª PJ da Capital,3ª Entrância,38
38ª PJ da Capital,3ª Entrância,39
39ª PJ da Capital,3ª Entrância,40
40ª PJ da Capital,3ª Entrância,41
41ª PJ da Capital,3ª Entrância,42
42ª PJ da Capital,3ª Entrância,43
43ª PJ da Capital,3ª Entrância,44
44ª PJ da Capital,3ª Entrância,45
45ª PJ da Capital,3ª Entrância,46
46ª PJ da Capital,3ª Entrância,47
47ª PJ da Capital,3ª Entrância,48
48ª PJ da Capital,3ª Entrância,49
49ª PJ da Capital,3ª Entrância,50
50ª PJ da Capital,3ª Entrância,51
51ª PJ da Capital,3ª Entrância,52
52ª PJ da Capital,3ª Entrância,53
53ª PJ da Capital,3ª Entrância,54
54ª PJ da Capital,3ª Entrância,55
55ª PJ da Capital,3ª Entrância,56
56ª PJ da Capital,3ª Entrância,57
57ª PJ da Capital,3ª Entrância,58
58ª PJ da Capital,3ª Entrância,59
59ª PJ da Capital,3ª Entrância,60
60ª PJ da Capital,3ª Entrância,61
61ª PJ da Capital,3ª Entrância,62
62ª PJ da Capital,3ª Entrância,63
63ª PJ da Capital,3ª Entrância,64
64ª PJ da Capital,3ª Entrância,65
65ª PJ da Capital,3ª Entrância,66
66ª PJ da Capital,3ª Entrância,67
67ª PJ da Capital,3ª Entrância,68
68ª PJ da Capital,3ª Entrância,69
1ª PJ de Arapiraca,3ª Entrância,70
2ª PJ de Arapiraca,3ª Entrância,71
3ª PJ de Arapiraca,3ª Entrância,72
4ª PJ de Arapiraca,3ª Entrância,73
5ª PJ de Arapiraca,3ª Entrância,74
6ª PJ de Arapiraca,3ª Entrância,75
7ª PJ de Arapiraca,3ª Entrância,76
8ª PJ de Arapiraca,3ª Entrância,77
9ª PJ de Arapiraca,3ª Entrância,78
9ª PJ Arapiraca,3ª Entrância,79
1ª PJ de Penedo,3ª Entrância,80
2ª PJ de Penedo,3ª Entrância,81
3ª PJ de Penedo,3ª Entrância,82
4ª PJ de Penedo,3ª Entrância,83
5ª PJ de Penedo,3ª Entrância,84
6ª PJ de Penedo,3ª Entrância,85
1ª PJ de Atalaia,2ª Entrância,86
2ª PJ de Atalaia,2ª Entrância,87
PJ de Capela,2ª Entrância,88
1ª PJ de Coruripe,2ª Entrância,89
2ª PJ de Coruripe,2ª Entrância,90
1ª PJ de Delmiro Gouveia,2ª Entrância,91
3ª PJ de Delmiro Gouveia,2ª Entrância,92
PJ de Feira Grande,2ª Entrância,93
PJ de Girau do Ponciano,2ª Entrância,94
PJ de Maragogi,2ª Entrância,95
1ª PJ de Marechal Deodoro,2ª Entrância,96
2ª PJ de Marechal Deodoro,2ª Entrância,97
PJ de Mata Grande,2ª Entrância,98
PJ de Murici,2ª Entrância,99
1ª PJ de Palmeira dos Índios,2ª Entrância,100
2ª PJ de Palmeira dos Índios,2ª Entrância,101
3ª PJ de Palmeira dos Índios,2ª Entrância,102
4ª PJ de Palmeira dos Índios,2ª Entrância,103
5ª PJ de Palmeira dos Índios,2ª Entrância,104
6ª PJ de Palmeira dos Índios,2ª Entrância,105
PJ de Pão de Açúcar,2ª Entrância,106
PJ de Pilar,2ª Entrância,107
PJ Pilar,2ª Entrância,108
1ª PJ de Porto Calvo,2ª Entrância,109
2ª PJ de Porto Calvo,2ª Entrância,110
1ª PJ de Rio Largo,2ª Entrância,111
2ª PJ de Rio Largo,2ª Entrância,112
3ª PJ de Rio Largo,2ª Entrância,113
4ª PJ de Rio Largo,2ª Entrância,114
5ª PJ de Rio Largo,2ª Entrância,115
1ª PJ de Santana do Ipanema,2ª Entrância,116
2ª PJ de Santana do Ipanema,2ª Entrância,117
3ª PJ de Santana do Ipanema,2ª Entrância,118
4ª PJ de Santana do Ipanema,2ª Entrância,119
PJ de São José da Laje,2ª Entrância,120
PJ de São José da Tapera,2ª Entrância,121
PJ de São Luís do Quitunde,2ª Entrância,122
PJ de São Luiz do Quitunde,2ª Entrância,123
1ª PJ de São Miguel dos Campos,2ª Entrância,124
2ª PJ de São Miguel dos Campos,2ª Entrância,125
3ª PJ de São Miguel dos Campos,2ª Entrância,126
4ª PJ de São Miguel dos Campos,2ª Entrância,127
5ª PJ de São Miguel dos Campos,2ª Entrância,128
1ª PJ de União dos Palmares,2ª Entrância,129
2ª PJ de União dos Palmares,2ª Entrância,130
3ª PJ de União dos Palmares,2ª Entrância,131
4ª PJ de União dos Palmares,2ª Entrância,132
PJ de Viçosa,2ª Entrância,133
PJ de Água Branca,1ª Entrância,134
PJ de Anadia,1ª Entrância,135
PJ de Batalha,1ª Entrância,136
PJ de Boca da Mata,1ª Entrância,137
PJ de Cacimbinhas,1ª Entrância,138
PJ de Cajueiro,1ª Entrância,139
PJ de Campo Alegre,1ª Entrância,140
PJ de Colônia Leopoldina,1ª Entrância,141
PJ de Igaci,1ª Entrância,142
PJ de Igreja Nova,1ª Entrância,143
PJ de Joaquim Gomes,1ª Entrância,144
PJ de Junqueiro,1ª Entrância,145
PJ de Limoeiro de Anadia,1ª Entrância,146
PJ de Major Izidoro,1ª Entrância,147
PJ de Maravilha,1ª Entrância,148
PJ de Maribondo,1ª Entrância,149
PJ de Mata Grande,1ª Entrância,150
PJ de Matriz de Camaragibe,1ª Entrância,151
PJ de Messias,1ª Entrância,152
PJ de Olho D'Água das Flores,1ª Entrância,153
PJ de Olho d'Água das Flores,1ª Entrância,154
PJ de Paripueira,1ª Entrância,155
PJ Passo de Camaragibe,1ª Entrância,156
PJ de Passo de Camaragibe,1ª Entrância,157
PJ de Piaçabuçu,1ª Entrância,158
PJ de Piranhas,1ª Entrância,159
PJ Piranhas,1ª Entrância,160
PJ de Porto Real do Colégio,1ª Entrância,161
PJ de Quebrangulo,1ª Entrância,162
PJ de Santa Luzia do Norte,1ª Entrância,163
PJ de São Sebastião,1ª Entrância,164
PJ de Satuba,1ª Entrância,165
PJ Satuba,1ª Entrância,166
PJ de Taquarana,1ª Entrância,167
PJ de Teotônio Vilela,1ª Entrância,168
PJ de Traipu,1ª Entrância,169
PJ Traipu,1ª Entrância,170
GAECO,Órgão de apoio,171
GAESF,Órgão de apoio,172
