PROMOTORIA,UNIDADE,ID Resolução
9ª PJ de Arapiraca,4ª DRP Arapiraca / Arapiraca-AL,2
9ª PJ de Arapiraca,52º Arapiraca / Arapiraca-AL,2
9ª PJ de Arapiraca,53º Arapiraca / Arapiraca-AL,2
9ª PJ de Arapiraca,54º Arapiraca / Arapiraca-AL,2
9ª PJ de Arapiraca,55º Arapiraca / Arapiraca-AL,2
9ª PJ de Arapiraca,62º DP Craíbas / Craíbas-AL,2
9ª PJ de Arapiraca,Acidentes de Trânsito de Arapiraca / Arapiraca-AL,2
9ª PJ de Arapiraca,Delegacia Especial da Criança e do Adolescente – Arapiraca,2
9ª PJ de Arapiraca,Delegacia Especializada de Defesa da Mulher – Arapiraca,2
62ª PJ da Capital,1º Distrito Policial Metropolitano / Maceió-AL,2
62ª PJ da Capital,2º Distrito da Capital / Maceió,2
62ª PJ da Capital,3º Distrito da Capital / Maceió,2
62ª PJ da Capital,4º Distrito da Capital,2
62ª PJ da Capital,5º Distrito da Capital / Maceió,2
62ª PJ da Capital,6º Distrito da Capital / Maceió,2
62ª PJ da Capital,7º Distrito da Capital / Maceió,2
62ª PJ da Capital,8º Distrito da Capital / Maceió,2
62ª PJ da Capital,9º Distrito da Capital / Maceió,2
62ª PJ da Capital,10º Distrito da Capital / Maceió,2
62ª PJ da Capital,11º Distrito da Capital / Maceió,2
62ª PJ da Capital,21º Distrito da Capital / Maceió,2
62ª PJ da Capital,22º Distrito da Capital / Maceió,2
62ª PJ da Capital,25º Distrito da Capital / Maceió,2
62ª PJ da Capital,APOCAL / Maceió,2
62ª PJ da Capital,Central de Flagrantes da Capital / Maceió,2
62ª PJ da Capital,Corregedoria-Geral / Maceió,2
62ª PJ da Capital,DECCOTAP / Maceió,2
62ª PJ da Capital,Delegacia de Acidentes de Trânsito / Maceió,2
62ª PJ da Capital,Delegacia de Crimes Ambientais e Proteção Animal,2
62ª PJ da Capital,Delegacia de Crimes Contra a Criança / Maceió,2
62ª PJ da Capital,Delegacia de Defesa da Mulher I / Maceió,2
62ª PJ da Capital,Delegacia de Defesa da Mulher II / Maceió,2
62ª PJ da Capital,Delegacia de Estelionatos,2
62ª PJ da Capital,Delegacia de Homicídios / Maceió,2
62ª PJ da Capital,Delegacia de Menores / Maceió,2
62ª PJ da Capital,Delegacia de Proteção ao Turista,2
62ª PJ da Capital,Delegacia de Roubo e Furto de Veículos / Maceió,2
62ª PJ da Capital,Delegacia de Roubos / Maceió,2
62ª PJ da Capital,Delegacia de Vulneráveis Yalorixá Tia Marcelina,2
62ª PJ da Capital,DRN / Maceió,2
62ª PJ da Capital,Seção Antissequestro,2
62ª PJ da Capital,Seção de Capturas,2
62ª PJ da Capital,Seção de Combate ao Roubo de Cargas,2
62ª PJ da Capital,Seção de Crimes Cibernéticos,2
62ª PJ da Capital,Seção de Crimes contra Instituições Financeiras,2
62ª PJ da Capital,Seção Especializada no Combate à Corrupção,2
62ª PJ da Capital,Seção Especializada no Combate à Lavagem de Dinheiro,2
62ª PJ da Capital,Tático Integrado de Grupos de Resgate Especial - TIGRE,2
2ª PJ de Penedo,82º DP Penedo / Penedo-AL,2
2ª PJ de Atalaia,104° DP Atalaia / Atalaia-AL,2
PJ de Capela,103º DP Capela / Capela-AL,2
1ª PJ de Coruripe,89° DP Coruripe / Coruripe-AL,2
3ª PJ de Delmiro Gouveia,26º DP Delmiro Gouveia / Delmiro Gouveia-AL,2
PJ de Feira Grande,57° DP Lagoa da Canoa / Lagoa da Canoa-AL,2
PJ de Feira Grande,59º DP Feira Grande / Feira Grande-AL,2
PJ de Girau do Ponciano,56° DP Girau do Ponciano / Girau do Ponciano-AL,2
PJ de Maragogi,92° DP Maragogi / Maragogi-AL,2
1ª PJ de Marechal Deodoro,17º Distrito da Capital / Marechal Deodoro-AL,2
PJ de Mata Grande,28° DP Mata Grande / Mata Grande-AL,2
PJ de Mata Grande,29° DP Inhapi / Inhapi-AL,2
PJ de Mata Grande,30° DP Canapi / Canapi-AL,2
PJ de Murici,116° DP Murici / Murici-AL,2
6ª PJ de Palmeira dos Índios,64° DP Palmeira dos Índios / Palmeira dos Índios-AL,2
6ª PJ de Palmeira dos Índios,73° DP Estrela de Alagoas / Estrela de Alagoas-AL,2
PJ de Pão de Açúcar,48º Pão de Açúcar / Pão de Açúcar-AL,2
PJ de Pilar,23º Distrito da Capital / Pilar-AL,2
1ª PJ de Porto Calvo,112º DP Jacuípe / Jacuípe-AL,2
1ª PJ de Porto Calvo,91º DP Porto Calvo / Porto Calvo-AL,2
4ª PJ de Rio Largo,12º Distrito da Capital / Rio Largo-AL,2
4ª PJ de Rio Largo,20° Distrito da Capital / Messias-AL,2
4ª PJ de Rio Largo,24º Distrito da Capital / Rio Largo-AL,2
4ª PJ de Santana do Ipanema,34° DP Santana do Ipanema / Santana do Ipanema-AL,2
PJ de São José da Laje,115° DP São José da Lage / São José da Laje-AL,2
PJ de São José da Laje,118º DP Ibateguara / Ibateguara-AL,2
PJ de São José da Tapera,38° DP São José da Tapera / São José da Tapera-AL,2
PJ de São Luís do Quitunde,93º DP São Luiz do Quitunde / São Luís do Quitunde-AL,2
5ª PJ de São Miguel dos Campos,18° Distrito da Capital / Barra de São Miguel-AL,2
5ª PJ de São Miguel dos Campos,74° DP São Miguel dos Campos / São Miguel dos Campos-AL,2
5ª PJ de São Miguel dos Campos,78° DP Roteiro / Roteiro-AL,2
5ª PJ de São Miguel dos Campos,81° DP Jequiá da Praia / Jequiá da Praia-AL,2
4ª PJ de União dos Palmares,114° DP União dos Palmares / União dos Palmares-AL,2
4ª PJ de União dos Palmares,119° DP Santana do Mundaú / Santana do Mundaú-AL,2
PJ de Viçosa,98º DP Viçosa / Viçosa-AL,2
PJ de Viçosa,99º DP Chã Preta / Chã Preta-AL,2
PJ de Água Branca,27ª DP Água Branca / Água Branca-AL,2
PJ de Água Branca,33° DP Pariconha / Pariconha-AL,2
PJ de Anadia,77° DP Anadia / Anadia-AL,2
PJ de Batalha,44ª DP Batalha / Batalha-AL,2
PJ de Batalha,46° DP Jacaré dos Homens / Jacaré dos Homens-AL,2
PJ de Boca da Mata,76° DP Boca da Mata / Boca da Mata-AL,2
PJ de Campo Alegre,75° DP Campo Alegre / Campo Alegre-AL,2
PJ de Cacimbinhas,65° DP Cacimbinhas / Cacimbinhas-AL,2
PJ de Cacimbinhas,66° DP Minador do Negrão / Minador do Negrão-AL,2
PJ de Cacimbinhas,37° DP Dois Riachos / Dois Riachos-AL,2
PJ de Cajueiro,102° DP Cajueiro / Cajueiro-AL,2
PJ de Colônia Leopoldina,113° DP Campestre / Campestre-AL,2
PJ de Colônia Leopoldina,107° DP Novo Lino / Novo Lino-AL,2
PJ de Colônia Leopoldina,108° DP Colônia Leopoldina / Colônia Leopoldina-AL,2
PJ de Igaci,67° DP Igaci / Igaci-AL,2
PJ de Igreja Nova,84° DP Igreja Nova / Igreja Nova-AL,2
PJ de Joaquim Gomes,109° DP Flexeiras / Flexeiras-AL,2
PJ de Joaquim Gomes,110° DP Joaquim Gomes / Joaquim Gomes-AL,2
PJ de Junqueiro,80° DP Junqueiro / Junqueiro-AL,2
PJ de Limoeiro de Anadia,60° DP Limoeiro de Anadia / Limoeiro de Anadia-AL,2
PJ de Major Izidoro,51° Major Izidoro / Major Izidoro-AL,2
PJ de Maravilha,40° DP Ouro Branco / Ouro Branco-AL,2
PJ de Maribondo,101° DP Maribondo / Maribondo-AL,2
PJ de Matriz de Camaragibe,90° DP Matriz do Camaragibe / Matriz de Camaragibe-AL,2
PJ de Olho D'Água das Flores,35º DP Olho d'Água das Flores / Olho d'Água das Flores-AL,2
PJ de Paripueira,13º Distrito da Capital / Paripueira-AL,2
PJ de Paripueira,19º Distrito da Capital / Barra de Santo Antônio-AL,2
PJ Passo de Camaragibe,94° DP Passo de Camaragibe / Passo de Camaragibe-AL,2
PJ Passo de Camaragibe,95° DP Porto de Pedras / Porto de Pedras-AL,2
PJ Passo de Camaragibe,97° DP São Miguel dos Milagres / São Miguel dos Milagres-AL,2
PJ de Piaçabuçu,88° DP Piaçabuçu / Piaçabuçu-AL,2
PJ de Piranhas,32º DP Piranhas / Piranhas-AL,2
PJ de Porto Real do Colégio,85° DP Porto Real do Colégio / Porto Real do Colégio-AL,2
PJ de Quebrangulo,106° DP Paulo Jacinto / Paulo Jacinto-AL,2
PJ de Quebrangulo,69° DP Quebrangulo / Quebrangulo-AL,2
PJ de Satuba,14º Distrito da Capital / Satuba-AL,2
PJ de Satuba,15° Distrito da Capital / Santa Luzia do Norte-AL,2
PJ de Satuba,16° Distrito da Capital / Coqueiro Seco-AL,2
PJ de São Sebastião,86° DP São Sebastião / São Sebastião-AL,2
PJ de Taquarana,72° DP Taquarana / Taquarana-AL,2
PJ de Traipu,63º DP Traipu / Traipu-AL,2
PJ de Teotônio Vilela,79° DP Teotônio Vilela / Teotônio Vilela-AL,2
9ª PJ Arapiraca,Instituto Médico Legal de Arapiraca,2
62ª PJ da Capital,Instituto Médico Legal de Maceió / Maceió-AL,2
9ª PJ Arapiraca,Instituto de Criminalística – Base do Agreste,2
62ª PJ da Capital,Instituto de Criminalística,2
62ª PJ da Capital,Instituto de Identificação,2
9ª PJ de Arapiraca,CPAI/II-Cmd. de Pol. de Área do Interior II,1
62ª PJ da Capital,1º BPM-1° Btl de Policía Militar,1
62° PJ da Capital,4º BPM-4° Btl de Policia Militar,1
62ª PJ da Capital,5º BPM-5º Btl de Polícia Militar,1
62° PJ da Capital,5ª Companhia de Policia Militar/Independente (5ª CPM/I)/Maceió-AL,1
62ª PJ da Capital,12º Batalhão de Policia Militar (12º BPM),1
62ª PJ da Capital,13º Batalhão de Policia Militar (13º BPM),1
62° PJ da Capital,APMSAM-Academia de Pol. Militar,1
62ª PJ da Capital,BOPE - Btl de Op. Pol. Especiais,1
62ª PJ da Capital,BPABtl de Pol. Ambiental,1
62ª PJ da Capital,BPEscBtl de Pol. Escolar,1
62ª PJ da Capital,BPRvBtl. de Pol. Rodoviário,1
62ª PJ da Capital,BPTran Btl de Pol. de Trânsito,1
62ª PJ da Capital,Centro Integrado de Assistência,1
62° PJ da Capital,CASIS/CHPM-Diretoria de Saúde,1
62ª PJ da Capital,CFAP,1
62° PJ da Capital,CGDHPC-Centro de Ger. De Crises,1
62° PJ da Capital,Companhia de Policia Militar/Independente Companhia de Policiamento de Choque (CPChoque),1
62° PJ da Capital,Companhia de Polícia Militar/Independente - Fazendária (CPM/I-Faz)/Maceió-AL,1
62° PJ da Capital,Companhia de Policia Militar/Independente Ronda de Ação Intensiva Ostensiva (CPM/I-RAIO) / Maceió-AL,1
62ª PJ da Capital,Comando De Policiamento Metropolitano (CPMet),1
62ª PJ da Capital,CPM-Colégio da Policia Militar,1
62ª PJ da Capital,CORREGEDORIA,1
62ª PJ da Capital,D.E-Diretoria de Ensino,1
62ª PJ da Capital,Patrulha Maria da Penha e Grupos Vulneráveis (PMPGV)/Maceió-AL,1
62ª PJ da Capital,Batalhão de Policia Militar de Ronda Ostensiva Tática Motorizada - ROTAM,1
62ª PJ da Capital,QCG-Quartel do Comando-Geral,1
62ª PJ da Capital,RPMon-Reg. de Pol. Montada,1
2ª PJ de Penedo,11º BPM-11º Btl de Policia Militar,1
2ª PJ de Atalaia,4ª CIA/INDEPENDENTE,1
3ª PJ de Delmiro Gouveia,9º BPM-9º Btl de Policia Militar,1
4ª PJ de Rio Largo,"8"" BPM-8º Btl de Policia Militar",1
4ª PJ de Santana do Ipanema,7º BPM-7º Btl de Policia Militar,1
4ª PJ de Santana do Ipanema,CPAI/I-Cmd de Pol. de Área do Interior I,1
4ª PJ de União dos Palmares,2º BPM-2° Btl de Policia Militar,1
6ª PJ de Palmeira dos Índios,10° BPM-10º BPM-10º Btl de Policia Militar,1
PJ de Maragogi,6º BPM-6° Btl de Polícia Militar,1
5ª PJ de São Miguel dos Campos,1ª CIA/INDEPENDENTE,1
1ª PJ de Marechal Deodoro,5º CIA/INDEPENDENTE,1
PJ de São Luiz do Quitunde,CPAI/III-Cmd de Pol. de Área do Interior III,1
PJ de Joaquim Gomes,14° BPM-14° Btl de Policia Militar,1
PJ de Paripueira,3ª CIA/INDEPENDENTE,1
6ª PJ de Arapiraca,ARAPIRACA,3
6ª PJ de Arapiraca,CRAÍBAS,3
12ª PJ da Capital,MACEIÓ,3
1ª PJ de Penedo,PENEDO,3
1ª PJ de Atalaia,ATALAIA,3
1ª PJ de São Miguel dos Campos,BARRA DE SÃO MIGUEL,3
PJ de Murici,BRANQUINHA,3
PJ de Girau do Ponciano,CAMPO GRANDE,3
PJ de Mata Grande,CANAPI,3
PJ de Capela,CAPELA,3
PJ de São José da Tapera,CARNEIROS,3
PJ de Viçosa,CHÃ PRETA,3
1ª PJ de Coruripe,CORURIPE,3
1ª PJ de Delmiro Gouveia,DELMIRO GOUVEIA,3
1ª PJ de Palmeira dos Índios,ESTRELA DE ALAGOAS,3
PJ de Feira Grande,FEIRA GRANDE,3
PJ de Girau do Ponciano,GIRAU DO PONCIANO,3
PJ de São José da Laje,IBATEGUARA,3
PJ de Mata Grande,INHAPI,3
1ª PJ de Porto Calvo,JACUÍPE,3
1ª PJ de Porto Calvo,JAPARATINGA,3
1ª PJ de São Miguel dos Campos,JEQUIÁ DA PRAIA,3
1ª PJ de Porto Calvo,JUNDIÁ,3
PJ de Feira Grande,LAGOA DA CANOA,3
PJ de Maragogi,MARAGOGI,3
PJ de Viçosa,MAR VERMELHO,3
1ª PJ de Marechal Deodoro,MARECHAL DEODORO,3
PJ de Mata Grande,MATA GRANDE,3
PJ de Murici,MURICI,3
3ª PJ de Santana do Ipanema,OLIVENÇA,3
PJ de Pão de Açúcar,PALESTINA,3
1ª PJ de Palmeira dos Índios,PALMEIRA DOS ÍNDIOS,3
PJ de Pão de Açúcar,PÃO DE AÇÚCAR,3
PJ Pilar,PILAR,3
3ª PJ de Santana do Ipanema,POÇO DAS TRINCHEIRAS,3
1ª PJ de Porto Calvo,PORTO CALVO,3
1ª PJ de Rio Largo,RIO LARGO,3
1ª PJ de São Miguel dos Campos,ROTEIRO,3
3ª PJ de Santana do Ipanema,SANTANA DO IPANEMA,3
1ª PJ de União dos Palmares,SANTANA DO MUNDAÚ,3
PJ de São José da Laje,SÃO JOSÉ DA LAJE,3
PJ de São José da Tapera,SÃO JOSÉ DA TAPERA,3
PJ de São Luiz do Quitunde,SÃO LUÍS DO QUITUNDE,3
1ª PJ de São Miguel dos Campos,SÃO MIGUEL DOS CAMPOS,3
PJ de São José da Tapera,SENADOR RUI PALMEIRA,3
1ª PJ de União dos Palmares,UNIÃO DOS PALMARES,3
PJ de Viçosa,VIÇOSA,3
PJ de Água Branca,ÁGUA BRANCA,3
PJ de Água Branca,PARICONHA,3
PJ de Anadia,ANADIA,3
PJ de Anadia,TANQUE D'ARCA,3
PJ de Batalha,BATALHA,3
PJ de Batalha,BELO MONTE,3
PJ de Batalha,JACARÉ DOS HOMENS,3
PJ de Boca da Mata,BOCA DA MATA,3
PJ de Cacimbinhas,CACIMBINHAS,3
PJ de Cacimbinhas,DOIS RIACHOS,3
PJ de Cacimbinhas,MINADOR DO NEGRÃO,3
PJ de Cajueiro,CAJUEIRO,3
PJ de Campo Alegre,CAMPO ALEGRE,3
PJ de Colônia Leopoldina,CAMPESTRE,3
PJ de Colônia Leopoldina,COLÔNIA LEOPOLDINA,3
PJ de Colônia Leopoldina,NOVO LINO,3
PJ de Igaci,IGACI,3
PJ de Igreja Nova,IGREJA NOVA,3
PJ de Joaquim Gomes,FLEXEIRAS,3
PJ de Joaquim Gomes,JOAQUIM GOMES,3
PJ de Junqueiro,JUNQUEIRO,3
PJ de Limoeiro de Anadia,LIMOEIRO DE ANADIA,3
PJ de Major Izidoro,MAJOR ISIDORO,3
PJ de Major Izidoro,JARAMATAIA,3
PJ de Maravilha,MARAVILHA,3
PJ de Maravilha,OURO BRANCO,3
PJ de Maribondo,MARIBONDO,3
PJ de Maribondo,PINDOBA,3
PJ de Matriz de Camaragibe,MATRIZ DE CAMARAGIBE,3
PJ de Olho D'Água das Flores,MONTEIRÓPOLIS,3
PJ de Olho D'Água das Flores,OLHO D'ÁGUA DAS FLORES,3
PJ de Paripueira,BARRA DE SANTO ANTÔNIO,3
PJ de Paripueira,PARIPUEIRA,3
PJ Passo de Camaragibe,PASSO DE CAMARAGIBE,3
PJ Passo de Camaragibe,PORTO DE PEDRAS,3
PJ Passo de Camaragibe,SÃO MIGUEL DOS MILAGRES,3
PJ de Piaçabuçu,FELIZ DESERTO,3
PJ de Piaçabuçu,PIAÇABUÇU,3
PJ Piranhas,OLHO D' ÁGUA DO CASADO,3
PJ de Piranhas,PIRANHAS,3
PJ de Porto Real do Colégio,OLHO D' ÁGUA GRANDE,3
PJ de Porto Real do Colégio,PORTO REAL DO COLÉGIO,3
PJ de Porto Real do Colégio,SÃO BRÁS,3
PJ de Quebrangulo,PAULO JACINTO,3
PJ de Quebrangulo,QUEBRANGULO,3
PJ Satuba,SANTA LUZIA DO NORTE,3
PJ de Satuba,SATUBA,3
PJ de Satuba,COQUEIRO SECO,3
PJ de São Sebastião,SÃO SEBASTIÃO,3
PJ de Taquarana,BELÉM,3
PJ de Taquarana,COITÉ DO NOIA,3
PJ de Taquarana,TAQUARANA,3
PJ de Teotônio Vilela,TEOTÔNIO VILELA,3
PJ Traipu,TRAIPU,3
PJ de Messias,MESSIAS,3
6ª PJ de Arapiraca,Associação Lar São Domingos Sávio,4
6ª PJ de Arapiraca,Associação Mãe Rainha,4
6ª PJ de Arapiraca,Abrigo Institucional Maria das Neves Borges,4
6ª PJ de Arapiraca,Abrigo Institucional Simone Emídio,4
1ª PJ de Penedo,Abrigo Institucional de Penedo,4
1ª PJ de Penedo,Instituto Aldo de Melo Brandão,4
13ª PJ da Capital,Casa Lar SEMDES Maceió,4
13ª PJ da Capital,Laca – Lar de Amparo à Crianças para Adoção,4
13ª PJ da Capital,Lar Batista Marcolina Magalhães,4
13ª PJ da Capital,Serviço de Acolhimento Institucional Acolher,4
44ª PJ da Capital,Associação Espírita Nosso Lar,4
44ª PJ da Capital,Casa de Adoção Rubens Colaço,4
44ª PJ da Capital,Casa de Passagem Feminina Luzinete Soares de Almeida,4
1ª PJ de Atalaia,Casa de Acolhimento da Regional José Alberto Gomes de Oliveira – Região Vale do Paraíba – Sede II,4
1ª PJ de Coruripe,Unidade de Acolhimento Institucional de Crianças e Adolescentes,4
1ª PJ de Delmiro Gouveia,Casa de Acolhimento Monsenhor Fernando Soares Vieira – Região Alto Sertão,4
PJ de Feira Grande,Casa Lar: Abrigo Aqui Sou Feliz – Região do Agreste A,4
PJ de Maragogi,Casa de Acolhimento Professora Elza Lira – Região Norte,4
PJ de Murici,Casa de Acolhimento Dival Aragão,4
PJ de Pilar,Abrigo Casa Lar,4
1ª PJ de Palmeira dos Índios,Serviço de Acolhimento Institucional de Palmeira dos Índios – Casa da Esperança,4
1ª PJ de Rio Largo,Casa Lar Rio Largo,4
1ª PJ de São Miguel dos Campos,Unidade de Acolhimento Casa – Lar São Miguel dos Campos,4
PJ de São José da Tapera,Casa de Acolhimento Regional Irmã Redempta – Região Bacia Leiteira,4
3ª PJ de Santana do Ipanema,Casa do Menor São Miguel do Arcanjo / Santana do Ipanema-AL,4
3ª PJ de Santana do Ipanema,Casa de Acolhimento Regional Maria Nanete Oliveira Silva – Região Médio Sertão,4
1ª PJ de União dos Palmares,Unidade de Acolhimento Institucional Casa Lar,4
1ª PJ de Marechal Deodoro,Casa de Passagem – Projeto Aconchego,4
PJ de Boca da Mata,Unidade de Atendimento Kayki Tavares Rosa – Casa Lar,4
PJ de Cajueiro,Casa de Acolhimento da Região do Vale do Paraíba – Sede I,4
PJ de Campo Alegre,Casa de Passagem Hélio Vieira Gama – Região Agreste B – Sede p/adolescentes,4
PJ de Piaçabuçu,Internato Professor Joaquim Aristóteles,4
PJ de Teotônio Vilela,Abrigo Regional Caminho Legal Região do Agreste B – Sede II p/crianças,4
51ª PJ da Capital,CASA DE CUSTÓDIA DE MACEIÓ – Maceió,5
51ª PJ da Capital,CENTRO PSIQUIÁTRICO JUDICIÁRIO PEDRO MARINHO SURUAGY – Maceió,5
51ª PJ da Capital,ESTABELECIMENTO RUBENS BRAGA QUINTELLA CAVALCANTI – NÚCLEO RESSOCIALIZADOR DA CAPITAL – Maceió,5
51ª PJ da Capital,PENITENCIÁRIA MASCULINA BALDOMERO CAVALCANTE DE OLIVEIRA – Maceió,5
51ª PJ da Capital,PRESÍDIO DE SEGURANÇA MÉDIA CIRYDIÃO DURVAL – Maceió,5
51ª PJ da Capital,PRESÍDIO DE SEGURANÇA MÁXIMA – PSM – Maceió,5
51ª PJ da Capital,PRESÍDIO DO AGRESTE – PA – Girau do Ponciano,5
51ª PJ da Capital,PRESÍDIO FEMININO SANTA LUZIA – Maceió,5
51ª PJ da Capital,PENITENCIÁRIA DE SEGURANÇA MÁXIMA – Maceió,5
51ª PJ da Capital,PENITENCIÁRIA DE SEGURANÇA MÁXIMA,5
51ª PJ da Capital,PRESÍDIO MILITAR MAJOR PM JOÃO KYLLDERIS CARDOSO MOREIRA – Maceió,5
13ª PJ da Capital,Serviço de Acolhimento em Família Acolhedora.,4
3ª PJ de Penedo,Associação Beneficente Dr. Joaquim Peixoto – Lar José,6
25ª PJ da Capital,Associação Acolhimento Mãe das Graças,6
25ª PJ da Capital,Associação Amigos em Ação,6
25ª PJ da Capital,Associação Católica Casa de Ranquines,6
25ª PJ da Capital,Abrigo Maria Júlia de Miranda,6
25ª PJ da Capital,Abrigo Irmão Clarêncio,6
25ª PJ da Capital,Bonna Vitta Casa de Repouso (Jacarecica),6
25ª PJ da Capital,Bonna Vitta Casa de Repouso (Murilópolis),6
25ª PJ da Capital,Bonna Vitta Casa de Repouso (Cruz das Almas),6
25ª PJ da Capital,Casa do Pobre de Maceió,6
25ª PJ da Capital,Casa Lar Deus é Amor I (Prado),6
25ª PJ da Capital,Casa Lar Deus é Amor II,6
25ª PJ da Capital,Casa da Velhice Luiza de Marillac,6
25ª PJ da Capital,Lar Evangélico Pastor Espiridião de Almeida – Leal,6
25ª PJ da Capital,Lar Francisco de Assis,6
25ª PJ da Capital,Lar São Vicente de Paulo,6
25ª PJ da Capital,Residência Geriátrica Bem Viver,6
25ª PJ da Capital,Residência São Luiz Para Idosos (Unidade Feminina),6
25ª PJ da Capital,Lar Bom Samaritano Pastor Tavares,6
25ª PJ da Capital,Cidade da Pessoa Idosa,6
25ª PJ da Capital,Associação Geriátrica Residência Assistida Divino Espírito Santo,6
25ª PJ da Capital,Aconchego Laços de Família,6
25ª PJ da Capital,Casa de Repouso Raízes da Vida,6
25ª PJ da Capital,ILPI Lar de Idosos Emanuel,6
2ª PJ de Santana do Ipanema,Sociedade São Vicente de Paula,6
2ª PJ de União dos Palmares,Casa do Idoso Santo Antônio,6
PJ Pilar,Unidade de Acolhimento de Longa Permanência para Idosos – Auta Rocha dos Santos,6
12ª PJ da Capital,EXTENSÃO UIME II – Unidade de Internação Masculina Extensão II,7
12ª PJ da Capital,EXTENSÃO UIME III – Unidade de Internação Masculina Extensão III,7
12ª PJ da Capital,Unidade de Internação Feminina,7
12ª PJ da Capital,Unidade de Internação Masculina (UIM),7
12ª PJ da Capital,Unidade de Internação Masculina II – UIM II,7
12ª PJ da Capital,Unidade de Internação Masculina – Extensão (UIME),7
12ª PJ da Capital,Unidade de Internação Provisória Masculina da Capital – UIPM Capital,7
12ª PJ da Capital,Unidade de Internação de Jovens e Adolescentes (UIJA) / Maceió-AL,7
12ª PJ da Capital,Unidade de Internação de Jovens e Adultos – UIJA II / Maceió-AL,7
12ª PJ da Capital,Unidade de Internação de Jovens e Adultos – UIJA III / Maceió-AL,7
PJ de Pilar,Unidade de Internação Masculina Provisória de Pilar,7
12ª PJ da Capital,Unidade de Semiliberdade Masculina – USM – Graça Torta – AL ,8
1ª PJ de Rio Largo,Unidade de Semiliberdade Sagrada Família,8
GAESF,,9
GAECO,,9
1ª PJ da Capital,,9
2ª PJ da Capital,,9
3ª PJ da Capital,,9
4ª PJ da Capital,,9
5ª PJ da Capital,,9
6ª PJ da Capital,,9
7ª PJ da Capital,,9
8ª PJ da Capital,,9
9ª PJ da Capital,,9
10ª PJ da Capital,,9
11ª PJ da Capital,,9
12ª PJ da Capital,,9
13ª PJ da Capital,,9
14ª PJ da Capital,,9
15ª PJ da Capital,,9
16ª PJ da Capital,,9
17ª PJ da Capital,,9
18ª PJ da Capital,,9
19ª PJ da Capital,,9
20ª PJ da Capital,,9
21ª PJ da Capital,,9
22ª PJ da Capital,,9
23ª PJ da Capital,,9
24ª PJ da Capital,,9
25ª PJ da Capital,,9
26ª PJ da Capital,,9
27ª PJ da Capital,,9
28ª PJ da Capital,,9
29ª PJ da Capital,,9
30ª PJ da Capital,,9
31ª PJ da Capital,,9
32ª PJ da Capital,,9
33ª PJ da Capital,,9
34ª PJ da Capital,,9
35ª PJ da Capital,,9
36ª PJ da Capital,,9
37ª PJ da Capital,,9
38ª PJ da Capital,,9
39ª PJ da Capital,,9
40ª PJ da Capital,,9
41ª PJ da Capital,,9
42ª PJ da Capital,,9
43ª PJ da Capital,,9
44ª PJ da Capital,,9
45ª PJ da Capital,,9
46ª PJ da Capital,,9
47ª PJ da Capital,,9
48ª PJ da Capital,,9
49ª PJ da Capital,,9
50ª PJ da Capital,,9
51ª PJ da Capital,,9
52ª PJ da Capital,,9
53ª PJ da Capital,,9
54ª PJ da Capital,,9
55ª PJ da Capital,,9
56ª PJ da Capital,,9
57ª PJ da Capital,,9
58ª PJ da Capital,,9
59ª PJ da Capital,,9
60ª PJ da Capital,,9
61ª PJ da Capital,,9
62ª PJ da Capital,,9
63ª PJ da Capital,,9
64ª PJ da Capital,,9
65ª PJ da Capital,,9
66ª PJ da Capital,,9
67ª PJ da Capital,,9
68ª PJ da Capital,,9
1ª PJ de Arapiraca,,9
2ª PJ de Arapiraca,,9
3ª PJ de Arapiraca,,9
4ª PJ de Arapiraca,,9
5ª PJ de Arapiraca,,9
6ª PJ de Arapiraca,,9
7ª PJ de Arapiraca,,9
8ª PJ de Arapiraca,,9
9ª PJ de Arapiraca,,9
1ª PJ de Atalaia,,9
2ª PJ de Atalaia,,9
1ª PJ de Coruripe,,9
2ª PJ de Coruripe,,9
1ª PJ de Marechal Deodoro,,9
2ª PJ de Marechal Deodoro,,9
1ª PJ de Palmeira dos Índios,,9
2ª PJ de Palmeira dos Índios,,9
3ª PJ de Palmeira dos Índios,,9
4ª PJ de Palmeira dos Índios,,9
5ª PJ de Palmeira dos Índios,,9
6ª PJ de Palmeira dos Índios,,9
1ª PJ de Penedo,,9
2ª PJ de Penedo,,9
3ª PJ de Penedo,,9
4ª PJ de Penedo,,9
5ª PJ de Penedo,,9
6ª PJ de Penedo,,9
1ª PJ de Porto Calvo,,9
2ª PJ de Porto Calvo,,9
1ª PJ de Rio Largo,,9
2ª PJ de Rio Largo,,9
3ª PJ de Rio Largo,,9
4ª PJ de Rio Largo,,9
5ª PJ de Rio Largo,,9
1ª PJ de Santana do Ipanema,,9
2ª PJ de Santana do Ipanema,,9
3ª PJ de Santana do Ipanema,,9
4ª PJ de Santana do Ipanema,,9
1ª PJ de São Miguel dos Campos,,9
2ª PJ de São Miguel dos Campos,,9
3ª PJ de São Miguel dos Campos,,9
4ª PJ de São Miguel dos Campos,,9
5ª PJ de São Miguel dos Campos,,9
1ª PJ de União dos Palmares,,9
2ª PJ de União dos Palmares,,9
3ª PJ de União dos Palmares,,9
4ª PJ de União dos Palmares,,9
PJ de Água Branca,,9
PJ de Anadia,,9
PJ de Batalha,,9
PJ de Boca da Mata,,9
PJ de Cacimbinhas,,9
PJ de Cajueiro,,9
PJ de Campo Alegre,,9
PJ de Capela,,9
PJ de Colônia Leopoldina,,9
PJ de Feira Grande,,9
PJ de Girau do Ponciano,,9
PJ de Igaci,,9
PJ de Igreja Nova,,9
PJ de Joaquim Gomes,,9
PJ de Junqueiro,,9
PJ de Limoeiro de Anadia,,9
PJ de Major Izidoro,,9
PJ de Maragogi,,9
PJ de Maravilha,,9
PJ de Maribondo,,9
PJ de Mata Grande,,9
PJ de Matriz de Camaragibe,,9
PJ de Murici,,9
PJ de Olho d'Água das Flores,,9
PJ de Paripueira,,9
PJ de Passo de Camaragibe,,9
PJ de Piaçabuçu,,9
PJ de Pilar,,9
PJ de Piranhas,,9
PJ de Porto Real do Colégio,,9
PJ de Pão de Açúcar,,9
PJ de Quebrangulo,,9
PJ de Santa Luzia do Norte,,9
PJ de São José da Laje,,9
PJ de São José da Tapera,,9
PJ de São Luís do Quitunde,,9
PJ de São Sebastião,,9
PJ de Taquarana,,9
PJ de Teotônio Vilela,,9
PJ de Traipu,,9
PJ de Viçosa,,9
