promotoria_id,resolucao_id,Unidade
78,2,4ª DRP Arapiraca / Arapiraca-AL
78,2,52º Arapiraca / Arapiraca-AL
78,2,53º Arapiraca / Arapiraca-AL
78,2,54º Arapiraca / Arapiraca-AL
78,2,55º Arapiraca / Arapiraca-AL
78,2,62º DP Craíbas / Craíbas-AL
78,2,Acidentes de Trânsito de Arapiraca / Arapiraca-AL
78,2,Delegacia Especial da Criança e do Adolescente – Arapiraca
78,2,Delegacia Especializada de Defesa da Mulher – Arapiraca
63,2,1º Distrito Policial Metropolitano / Maceió-AL
63,2,2º Distrito da Capital / Maceió
63,2,3º Distrito da Capital / Maceió
63,2,4º Distrito da Capital
63,2,5º Distrito da Capital / Maceió
63,2,6º Distrito da Capital / Maceió
63,2,7º Distrito da Capital / Maceió
63,2,8º Distrito da Capital / Maceió
63,2,9º Distrito da Capital / Maceió
63,2,10º Distrito da Capital / Maceió
63,2,11º Distrito da Capital / Maceió
63,2,21º Distrito da Capital / Maceió
63,2,22º Distrito da Capital / Maceió
63,2,25º Distrito da Capital / Maceió
63,2,APOCAL / Maceió
63,2,Central de Flagrantes da Capital / Maceió
63,2,Corregedoria-Geral / Maceió
63,2,DECCOTAP / Maceió
63,2,Delegacia de Acidentes de Trânsito / Maceió
63,2,Delegacia de Crimes Ambientais e Proteção Animal
63,2,Delegacia de Crimes Contra a Criança / Maceió
63,2,Delegacia de Defesa da Mulher I / Maceió
63,2,Delegacia de Defesa da Mulher II / Maceió
63,2,Delegacia de Estelionatos
63,2,Delegacia de Homicídios / Maceió
63,2,Delegacia de Menores / Maceió
63,2,Delegacia de Proteção ao Turista
63,2,Delegacia de Roubo e Furto de Veículos / Maceió
63,2,Delegacia de Roubos / Maceió
63,2,Delegacia de Vulneráveis Yalorixá Tia Marcelina
63,2,DRN / Maceió
63,2,Seção Antissequestro
63,2,Seção de Capturas
63,2,Seção de Combate ao Roubo de Cargas
63,2,Seção de Crimes Cibernéticos
63,2,Seção de Crimes contra Instituições Financeiras
63,2,Seção Especializada no Combate à Corrupção
63,2,Seção Especializada no Combate à Lavagem de Dinheiro
63,2,Tático Integrado de Grupos de Resgate Especial - TIGRE
81,2,82º DP Penedo / Penedo-AL
87,2,104° DP Atalaia / Atalaia-AL
88,2,103º DP Capela / Capela-AL
89,2,89° DP Coruripe / Coruripe-AL
92,2,26º DP Delmiro Gouveia / Delmiro Gouveia-AL
93,2,57° DP Lagoa da Canoa / Lagoa da Canoa-AL
93,2,59º DP Feira Grande / Feira Grande-AL
94,2,56° DP Girau do Ponciano / Girau do Ponciano-AL
95,2,92° DP Maragogi / Maragogi-AL
96,2,17º Distrito da Capital / Marechal Deodoro-AL
98,2,28° DP Mata Grande / Mata Grande-AL
150,2,28° DP Mata Grande / Mata Grande-AL
98,2,29° DP Inhapi / Inhapi-AL
150,2,29° DP Inhapi / Inhapi-AL
98,2,30° DP Canapi / Canapi-AL
150,2,30° DP Canapi / Canapi-AL
99,2,116° DP Murici / Murici-AL
105,2,64° DP Palmeira dos Índios / Palmeira dos Índios-AL
105,2,73° DP Estrela de Alagoas / Estrela de Alagoas-AL
106,2,48º Pão de Açúcar / Pão de Açúcar-AL
107,2,23º Distrito da Capital / Pilar-AL
109,2,112º DP Jacuípe / Jacuípe-AL
109,2,91º DP Porto Calvo / Porto Calvo-AL
114,2,12º Distrito da Capital / Rio Largo-AL
114,2,20° Distrito da Capital / Messias-AL
114,2,24º Distrito da Capital / Rio Largo-AL
119,2,34° DP Santana do Ipanema / Santana do Ipanema-AL
120,2,115° DP São José da Lage / São José da Laje-AL
120,2,118º DP Ibateguara / Ibateguara-AL
121,2,38° DP São José da Tapera / São José da Tapera-AL
122,2,93º DP São Luiz do Quitunde / São Luís do Quitunde-AL
128,2,18° Distrito da Capital / Barra de São Miguel-AL
128,2,74° DP São Miguel dos Campos / São Miguel dos Campos-AL
128,2,78° DP Roteiro / Roteiro-AL
128,2,81° DP Jequiá da Praia / Jequiá da Praia-AL
132,2,114° DP União dos Palmares / União dos Palmares-AL
132,2,119° DP Santana do Mundaú / Santana do Mundaú-AL
133,2,98º DP Viçosa / Viçosa-AL
133,2,99º DP Chã Preta / Chã Preta-AL
134,2,27ª DP Água Branca / Água Branca-AL
134,2,33° DP Pariconha / Pariconha-AL
135,2,77° DP Anadia / Anadia-AL
136,2,44ª DP Batalha / Batalha-AL
136,2,46° DP Jacaré dos Homens / Jacaré dos Homens-AL
137,2,76° DP Boca da Mata / Boca da Mata-AL
140,2,75° DP Campo Alegre / Campo Alegre-AL
138,2,65° DP Cacimbinhas / Cacimbinhas-AL
138,2,66° DP Minador do Negrão / Minador do Negrão-AL
138,2,37° DP Dois Riachos / Dois Riachos-AL
139,2,102° DP Cajueiro / Cajueiro-AL
141,2,113° DP Campestre / Campestre-AL
141,2,107° DP Novo Lino / Novo Lino-AL
141,2,108° DP Colônia Leopoldina / Colônia Leopoldina-AL
142,2,67° DP Igaci / Igaci-AL
143,2,84° DP Igreja Nova / Igreja Nova-AL
144,2,109° DP Flexeiras / Flexeiras-AL
144,2,110° DP Joaquim Gomes / Joaquim Gomes-AL
145,2,80° DP Junqueiro / Junqueiro-AL
146,2,60° DP Limoeiro de Anadia / Limoeiro de Anadia-AL
147,2,51° Major Izidoro / Major Izidoro-AL
148,2,40° DP Ouro Branco / Ouro Branco-AL
149,2,101° DP Maribondo / Maribondo-AL
151,2,90° DP Matriz do Camaragibe / Matriz de Camaragibe-AL
153,2,35º DP Olho d'Água das Flores / Olho d'Água das Flores-AL
155,2,13º Distrito da Capital / Paripueira-AL
155,2,19º Distrito da Capital / Barra de Santo Antônio-AL
156,2,94° DP Passo de Camaragibe / Passo de Camaragibe-AL
156,2,95° DP Porto de Pedras / Porto de Pedras-AL
156,2,97° DP São Miguel dos Milagres / São Miguel dos Milagres-AL
158,2,88° DP Piaçabuçu / Piaçabuçu-AL
159,2,32º DP Piranhas / Piranhas-AL
161,2,85° DP Porto Real do Colégio / Porto Real do Colégio-AL
162,2,106° DP Paulo Jacinto / Paulo Jacinto-AL
162,2,69° DP Quebrangulo / Quebrangulo-AL
165,2,14º Distrito da Capital / Satuba-AL
165,2,15° Distrito da Capital / Santa Luzia do Norte-AL
165,2,16° Distrito da Capital / Coqueiro Seco-AL
164,2,86° DP São Sebastião / São Sebastião-AL
167,2,72° DP Taquarana / Taquarana-AL
169,2,63º DP Traipu / Traipu-AL
168,2,79° DP Teotônio Vilela / Teotônio Vilela-AL
79,2,Instituto Médico Legal de Arapiraca
63,2,Instituto Médico Legal de Maceió / Maceió-AL
79,2,Instituto de Criminalística – Base do Agreste
63,2,Instituto de Criminalística
63,2,Instituto de Identificação
78,1,CPAI/II-Cmd. de Pol. de Área do Interior II
63,1,1º BPM-1° Btl de Policía Militar
63,1,4º BPM-4° Btl de Policia Militar
63,1,5º BPM-5º Btl de Polícia Militar
63,1,5ª Companhia de Policia Militar/Independente (5ª CPM/I)/Maceió-AL
63,1,12º Batalhão de Policia Militar (12º BPM)
63,1,13º Batalhão de Policia Militar (13º BPM)
63,1,APMSAM-Academia de Pol. Militar
63,1,BOPE - Btl de Op. Pol. Especiais
63,1,BPABtl de Pol. Ambiental
63,1,BPEscBtl de Pol. Escolar
63,1,BPRvBtl. de Pol. Rodoviário
63,1,BPTran Btl de Pol. de Trânsito
63,1,Centro Integrado de Assistência
63,1,CASIS/CHPM-Diretoria de Saúde
63,1,CFAP
63,1,CGDHPC-Centro de Ger. De Crises
63,1,Companhia de Policia Militar/Independente Companhia de Policiamento de Choque (CPChoque)
63,1,Companhia de Polícia Militar/Independente - Fazendária (CPM/I-Faz)/Maceió-AL
63,1,Companhia de Policia Militar/Independente Ronda de Ação Intensiva Ostensiva (CPM/I-RAIO) / Maceió-AL
63,1,Comando De Policiamento Metropolitano (CPMet)
63,1,CPM-Colégio da Policia Militar
63,1,CORREGEDORIA
63,1,D.E-Diretoria de Ensino
63,1,Patrulha Maria da Penha e Grupos Vulneráveis (PMPGV)/Maceió-AL
63,1,Batalhão de Policia Militar de Ronda Ostensiva Tática Motorizada - ROTAM
63,1,QCG-Quartel do Comando-Geral
63,1,RPMon-Reg. de Pol. Montada
81,1,11º BPM-11º Btl de Policia Militar
87,1,4ª CIA/INDEPENDENTE
92,1,9º BPM-9º Btl de Policia Militar
114,1,"8"" BPM-8º Btl de Policia Militar"
119,1,7º BPM-7º Btl de Policia Militar
119,1,CPAI/I-Cmd de Pol. de Área do Interior I
132,1,2º BPM-2° Btl de Policia Militar
105,1,10° BPM-10º BPM-10º Btl de Policia Militar
95,1,6º BPM-6° Btl de Polícia Militar
128,1,1ª CIA/INDEPENDENTE
96,1,5º CIA/INDEPENDENTE
123,1,CPAI/III-Cmd de Pol. de Área do Interior III
144,1,14° BPM-14° Btl de Policia Militar
155,1,3ª CIA/INDEPENDENTE
75,3,ARAPIRACA
75,3,CRAÍBAS
13,3,MACEIÓ
80,3,PENEDO
86,3,ATALAIA
124,3,BARRA DE SÃO MIGUEL
99,3,BRANQUINHA
94,3,CAMPO GRANDE
98,3,CANAPI
150,3,CANAPI
88,3,CAPELA
121,3,CARNEIROS
133,3,CHÃ PRETA
89,3,CORURIPE
91,3,DELMIRO GOUVEIA
100,3,ESTRELA DE ALAGOAS
93,3,FEIRA GRANDE
94,3,GIRAU DO PONCIANO
120,3,IBATEGUARA
98,3,INHAPI
150,3,INHAPI
109,3,JACUÍPE
109,3,JAPARATINGA
124,3,JEQUIÁ DA PRAIA
109,3,JUNDIÁ
93,3,LAGOA DA CANOA
95,3,MARAGOGI
133,3,MAR VERMELHO
96,3,MARECHAL DEODORO
98,3,MATA GRANDE
150,3,MATA GRANDE
99,3,MURICI
118,3,OLIVENÇA
106,3,PALESTINA
100,3,PALMEIRA DOS ÍNDIOS
106,3,PÃO DE AÇÚCAR
108,3,PILAR
118,3,POÇO DAS TRINCHEIRAS
109,3,PORTO CALVO
111,3,RIO LARGO
124,3,ROTEIRO
118,3,SANTANA DO IPANEMA
129,3,SANTANA DO MUNDAÚ
120,3,SÃO JOSÉ DA LAJE
121,3,SÃO JOSÉ DA TAPERA
123,3,SÃO LUÍS DO QUITUNDE
124,3,SÃO MIGUEL DOS CAMPOS
121,3,SENADOR RUI PALMEIRA
129,3,UNIÃO DOS PALMARES
133,3,VIÇOSA
134,3,ÁGUA BRANCA
134,3,PARICONHA
135,3,ANADIA
135,3,TANQUE D'ARCA
136,3,BATALHA
136,3,BELO MONTE
136,3,JACARÉ DOS HOMENS
137,3,BOCA DA MATA
138,3,CACIMBINHAS
138,3,DOIS RIACHOS
138,3,MINADOR DO NEGRÃO
139,3,CAJUEIRO
140,3,CAMPO ALEGRE
141,3,CAMPESTRE
141,3,COLÔNIA LEOPOLDINA
141,3,NOVO LINO
142,3,IGACI
143,3,IGREJA NOVA
144,3,FLEXEIRAS
144,3,JOAQUIM GOMES
145,3,JUNQUEIRO
146,3,LIMOEIRO DE ANADIA
147,3,MAJOR ISIDORO
147,3,JARAMATAIA
148,3,MARAVILHA
148,3,OURO BRANCO
149,3,MARIBONDO
149,3,PINDOBA
151,3,MATRIZ DE CAMARAGIBE
153,3,MONTEIRÓPOLIS
153,3,OLHO D'ÁGUA DAS FLORES
155,3,BARRA DE SANTO ANTÔNIO
155,3,PARIPUEIRA
156,3,PASSO DE CAMARAGIBE
156,3,PORTO DE PEDRAS
156,3,SÃO MIGUEL DOS MILAGRES
158,3,FELIZ DESERTO
158,3,PIAÇABUÇU
160,3,OLHO D' ÁGUA DO CASADO
159,3,PIRANHAS
161,3,OLHO D' ÁGUA GRANDE
161,3,PORTO REAL DO COLÉGIO
161,3,SÃO BRÁS
162,3,PAULO JACINTO
162,3,QUEBRANGULO
166,3,SANTA LUZIA DO NORTE
165,3,SATUBA
165,3,COQUEIRO SECO
164,3,SÃO SEBASTIÃO
167,3,BELÉM
167,3,COITÉ DO NOIA
167,3,TAQUARANA
168,3,TEOTÔNIO VILELA
170,3,TRAIPU
152,3,MESSIAS
75,4,Associação Lar São Domingos Sávio
75,4,Associação Mãe Rainha
75,4,Abrigo Institucional Maria das Neves Borges
75,4,Abrigo Institucional Simone Emídio
80,4,Abrigo Institucional de Penedo
80,4,Instituto Aldo de Melo Brandão
14,4,Casa Lar SEMDES Maceió
14,4,Laca – Lar de Amparo à Crianças para Adoção
14,4,Lar Batista Marcolina Magalhães
14,4,Serviço de Acolhimento Institucional Acolher
45,4,Associação Espírita Nosso Lar
45,4,Casa de Adoção Rubens Colaço
45,4,Casa de Passagem Feminina Luzinete Soares de Almeida
86,4,Casa de Acolhimento da Regional José Alberto Gomes de Oliveira – Região Vale do Paraíba – Sede II
89,4,Unidade de Acolhimento Institucional de Crianças e Adolescentes
91,4,Casa de Acolhimento Monsenhor Fernando Soares Vieira – Região Alto Sertão
93,4,Casa Lar: Abrigo Aqui Sou Feliz – Região do Agreste A
95,4,Casa de Acolhimento Professora Elza Lira – Região Norte
99,4,Casa de Acolhimento Dival Aragão
107,4,Abrigo Casa Lar
100,4,Serviço de Acolhimento Institucional de Palmeira dos Índios – Casa da Esperança
111,4,Casa Lar Rio Largo
124,4,Unidade de Acolhimento Casa – Lar São Miguel dos Campos
121,4,Casa de Acolhimento Regional Irmã Redempta – Região Bacia Leiteira
118,4,Casa do Menor São Miguel do Arcanjo / Santana do Ipanema-AL
118,4,Casa de Acolhimento Regional Maria Nanete Oliveira Silva – Região Médio Sertão
129,4,Unidade de Acolhimento Institucional Casa Lar
96,4,Casa de Passagem – Projeto Aconchego
137,4,Unidade de Atendimento Kayki Tavares Rosa – Casa Lar
139,4,Casa de Acolhimento da Região do Vale do Paraíba – Sede I
140,4,Casa de Passagem Hélio Vieira Gama – Região Agreste B – Sede p/adolescentes
158,4,Internato Professor Joaquim Aristóteles
168,4,Abrigo Regional Caminho Legal Região do Agreste B – Sede II p/crianças
52,5,CASA DE CUSTÓDIA DE MACEIÓ – Maceió
52,5,CENTRO PSIQUIÁTRICO JUDICIÁRIO PEDRO MARINHO SURUAGY – Maceió
52,5,ESTABELECIMENTO RUBENS BRAGA QUINTELLA CAVALCANTI – NÚCLEO RESSOCIALIZADOR DA CAPITAL – Maceió
52,5,PENITENCIÁRIA MASCULINA BALDOMERO CAVALCANTE DE OLIVEIRA – Maceió
52,5,PRESÍDIO DE SEGURANÇA MÉDIA CIRYDIÃO DURVAL – Maceió
52,5,PRESÍDIO DE SEGURANÇA MÁXIMA – PSM – Maceió
52,5,PRESÍDIO DO AGRESTE – PA – Girau do Ponciano
52,5,PRESÍDIO FEMININO SANTA LUZIA – Maceió
52,5,PENITENCIÁRIA DE SEGURANÇA MÁXIMA – Maceió
52,5,PENITENCIÁRIA DE SEGURANÇA MÁXIMA
52,5,PRESÍDIO MILITAR MAJOR PM JOÃO KYLLDERIS CARDOSO MOREIRA – Maceió
14,4,Serviço de Acolhimento em Família Acolhedora.
82,6,Associação Beneficente Dr. Joaquim Peixoto – Lar José
26,6,Associação Acolhimento Mãe das Graças
26,6,Associação Amigos em Ação
26,6,Associação Católica Casa de Ranquines
26,6,Abrigo Maria Júlia de Miranda
26,6,Abrigo Irmão Clarêncio
26,6,Bonna Vitta Casa de Repouso (Jacarecica)
26,6,Bonna Vitta Casa de Repouso (Murilópolis)
26,6,Bonna Vitta Casa de Repouso (Cruz das Almas)
26,6,Casa do Pobre de Maceió
26,6,Casa Lar Deus é Amor I (Prado)
26,6,Casa Lar Deus é Amor II
26,6,Casa da Velhice Luiza de Marillac
26,6,Lar Evangélico Pastor Espiridião de Almeida – Leal
26,6,Lar Francisco de Assis
26,6,Lar São Vicente de Paulo
26,6,Residência Geriátrica Bem Viver
26,6,Residência São Luiz Para Idosos (Unidade Feminina)
26,6,Lar Bom Samaritano Pastor Tavares
26,6,Cidade da Pessoa Idosa
26,6,Associação Geriátrica Residência Assistida Divino Espírito Santo
26,6,Aconchego Laços de Família
26,6,Casa de Repouso Raízes da Vida
26,6,ILPI Lar de Idosos Emanuel
117,6,Sociedade São Vicente de Paula
130,6,Casa do Idoso Santo Antônio
108,6,Unidade de Acolhimento de Longa Permanência para Idosos – Auta Rocha dos Santos
13,7,EXTENSÃO UIME II – Unidade de Internação Masculina Extensão II
13,7,EXTENSÃO UIME III – Unidade de Internação Masculina Extensão III
13,7,Unidade de Internação Feminina
13,7,Unidade de Internação Masculina (UIM)
13,7,Unidade de Internação Masculina II – UIM II
13,7,Unidade de Internação Masculina – Extensão (UIME)
13,7,Unidade de Internação Provisória Masculina da Capital – UIPM Capital
13,7,Unidade de Internação de Jovens e Adolescentes (UIJA) / Maceió-AL
13,7,Unidade de Internação de Jovens e Adultos – UIJA II / Maceió-AL
13,7,Unidade de Internação de Jovens e Adultos – UIJA III / Maceió-AL
107,7,Unidade de Internação Masculina Provisória de Pilar
13,8,Unidade de Semiliberdade Masculina – USM – Graça Torta – AL 
111,8,Unidade de Semiliberdade Sagrada Família
172,9,
171,9,
2,9,
3,9,
4,9,
5,9,
6,9,
7,9,
8,9,
9,9,
10,9,
11,9,
12,9,
13,9,
14,9,
15,9,
16,9,
17,9,
18,9,
19,9,
20,9,
21,9,
22,9,
23,9,
24,9,
25,9,
26,9,
27,9,
28,9,
29,9,
30,9,
31,9,
32,9,
33,9,
34,9,
35,9,
36,9,
37,9,
38,9,
39,9,
40,9,
41,9,
42,9,
43,9,
44,9,
45,9,
46,9,
47,9,
48,9,
49,9,
50,9,
51,9,
52,9,
53,9,
54,9,
55,9,
56,9,
57,9,
58,9,
59,9,
60,9,
61,9,
62,9,
63,9,
64,9,
65,9,
66,9,
67,9,
68,9,
69,9,
70,9,
71,9,
72,9,
73,9,
74,9,
75,9,
76,9,
77,9,
78,9,
86,9,
87,9,
89,9,
90,9,
96,9,
97,9,
100,9,
101,9,
102,9,
103,9,
104,9,
105,9,
80,9,
81,9,
82,9,
83,9,
84,9,
85,9,
109,9,
110,9,
111,9,
112,9,
113,9,
114,9,
115,9,
116,9,
117,9,
118,9,
119,9,
124,9,
125,9,
126,9,
127,9,
128,9,
129,9,
130,9,
131,9,
132,9,
134,9,
135,9,
136,9,
137,9,
138,9,
139,9,
140,9,
88,9,
141,9,
93,9,
94,9,
142,9,
143,9,
144,9,
145,9,
146,9,
147,9,
95,9,
148,9,
149,9,
98,9,
150,9,
151,9,
99,9,
154,9,
155,9,
157,9,
158,9,
107,9,
159,9,
161,9,
106,9,
162,9,
163,9,
120,9,
121,9,
122,9,
164,9,
167,9,
168,9,
169,9,
133,9,
