PROMOTORIA,UNIDADE,ENTRANCIA,RESOLUÇÃO
9ª PJ de Arapiraca,4ª DRP Arapiraca / Arapiraca-AL,3ª Entrância,CNMP Nº 279/2023 POLICIAL
9ª PJ de Arapiraca,52º Arapiraca / Arapiraca-AL,3ª Entrância,CNMP Nº 279/2023 POLICIAL
9ª PJ de Arapiraca,53º Arapiraca / Arapiraca-AL,3ª Entrância,CNMP Nº 279/2023 POLICIAL
9ª PJ de Arapiraca,54º Arapiraca / Arapiraca-AL,3ª Entrância,CNMP Nº 279/2023 POLICIAL
9ª PJ de Arapiraca,55º Arapiraca / Arapiraca-AL,3ª Entrância,CNMP Nº 279/2023 POLICIAL
9ª PJ de Arapiraca,62º DP Craíbas / Craíbas-AL,3ª Entrância,CNMP Nº 279/2023 POLICIAL
9ª PJ de Arapiraca,Acidentes de Trânsito de Arapiraca / Arapiraca-AL,3ª Entrância,CNMP Nº 279/2023 POLICIAL
9ª PJ de Arapiraca,Delegacia Especial da Criança e do Adolescente – Arapiraca,3ª Entrância,CNMP Nº 279/2023 POLICIAL
9ª PJ de Arapiraca,Delegacia Especializada de Defesa da Mulher – Arapiraca,3ª Entrância,CNMP Nº 279/2023 POLICIAL
62ª PJ da Capital,1º Distrito Policial Metropolitano / Maceió-AL,3ª Entrância,CNMP Nº 279/2023 POLICIAL
62ª PJ da Capital,2º Distrito da Capital / Maceió,3ª Entrância,CNMP Nº 279/2023 POLICIAL
62ª PJ da Capital,3º Distrito da Capital / Maceió,3ª Entrância,CNMP Nº 279/2023 POLICIAL
62ª PJ da Capital,4º Distrito da Capital,3ª Entrância,CNMP Nº 279/2023 POLICIAL
62ª PJ da Capital,5º Distrito da Capital / Maceió,3ª Entrância,CNMP Nº 279/2023 POLICIAL
62ª PJ da Capital,6º Distrito da Capital / Maceió,3ª Entrância,CNMP Nº 279/2023 POLICIAL
62ª PJ da Capital,7º Distrito da Capital / Maceió,3ª Entrância,CNMP Nº 279/2023 POLICIAL
62ª PJ da Capital,8º Distrito da Capital / Maceió,3ª Entrância,CNMP Nº 279/2023 POLICIAL
62ª PJ da Capital,9º Distrito da Capital / Maceió,3ª Entrância,CNMP Nº 279/2023 POLICIAL
62ª PJ da Capital,10º Distrito da Capital / Maceió,3ª Entrância,CNMP Nº 279/2023 POLICIAL
62ª PJ da Capital,11º Distrito da Capital / Maceió,3ª Entrância,CNMP Nº 279/2023 POLICIAL
62ª PJ da Capital,21º Distrito da Capital / Maceió,3ª Entrância,CNMP Nº 279/2023 POLICIAL
62ª PJ da Capital,22º Distrito da Capital / Maceió,3ª Entrância,CNMP Nº 279/2023 POLICIAL
62ª PJ da Capital,25º Distrito da Capital / Maceió,3ª Entrância,CNMP Nº 279/2023 POLICIAL
62ª PJ da Capital,APOCAL / Maceió,3ª Entrância,CNMP Nº 279/2023 POLICIAL
62ª PJ da Capital,Central de Flagrantes da Capital / Maceió,3ª Entrância,CNMP Nº 279/2023 POLICIAL
62ª PJ da Capital,Corregedoria-Geral / Maceió,3ª Entrância,CNMP Nº 279/2023 POLICIAL
62ª PJ da Capital,DECCOTAP / Maceió,3ª Entrância,CNMP Nº 279/2023 POLICIAL
62ª PJ da Capital,Delegacia de Acidentes de Trânsito / Maceió,3ª Entrância,CNMP Nº 279/2023 POLICIAL
62ª PJ da Capital,Delegacia de Crimes Ambientais e Proteção Animal,3ª Entrância,CNMP Nº 279/2023 POLICIAL
62ª PJ da Capital,Delegacia de Crimes Contra a Criança / Maceió,3ª Entrância,CNMP Nº 279/2023 POLICIAL
62ª PJ da Capital,Delegacia de Defesa da Mulher I / Maceió,3ª Entrância,CNMP Nº 279/2023 POLICIAL
62ª PJ da Capital,Delegacia de Defesa da Mulher II / Maceió,3ª Entrância,CNMP Nº 279/2023 POLICIAL
62ª PJ da Capital,Delegacia de Estelionatos,3ª Entrância,CNMP Nº 279/2023 POLICIAL
62ª PJ da Capital,Delegacia de Homicídios / Maceió,3ª Entrância,CNMP Nº 279/2023 POLICIAL
62ª PJ da Capital,Delegacia de Menores / Maceió,3ª Entrância,CNMP Nº 279/2023 POLICIAL
62ª PJ da Capital,Delegacia de Proteção ao Turista,3ª Entrância,CNMP Nº 279/2023 POLICIAL
62ª PJ da Capital,Delegacia de Roubo e Furto de Veículos / Maceió,3ª Entrância,CNMP Nº 279/2023 POLICIAL
62ª PJ da Capital,Delegacia de Roubos / Maceió,3ª Entrância,CNMP Nº 279/2023 POLICIAL
62ª PJ da Capital,Delegacia de Vulneráveis Yalorixá Tia Marcelina,3ª Entrância,CNMP Nº 279/2023 POLICIAL
62ª PJ da Capital,DRN / Maceió,3ª Entrância,CNMP Nº 279/2023 POLICIAL
62ª PJ da Capital,Seção Antissequestro,3ª Entrância,CNMP Nº 279/2023 POLICIAL
62ª PJ da Capital,Seção de Capturas,3ª Entrância,CNMP Nº 279/2023 POLICIAL
62ª PJ da Capital,Seção de Combate ao Roubo de Cargas,3ª Entrância,CNMP Nº 279/2023 POLICIAL
62ª PJ da Capital,Seção de Crimes Cibernéticos,3ª Entrância,CNMP Nº 279/2023 POLICIAL
62ª PJ da Capital,Seção de Crimes contra Instituições Financeiras,3ª Entrância,CNMP Nº 279/2023 POLICIAL
62ª PJ da Capital,Seção Especializada no Combate à Corrupção,3ª Entrância,CNMP Nº 279/2023 POLICIAL
62ª PJ da Capital,Seção Especializada no Combate à Lavagem de Dinheiro,3ª Entrância,CNMP Nº 279/2023 POLICIAL
62ª PJ da Capital,Tático Integrado de Grupos de Resgate Especial - TIGRE,3ª Entrância,CNMP Nº 279/2023 POLICIAL
2ª PJ de Penedo,82º DP Penedo / Penedo-AL,3ª Entrância,CNMP Nº 279/2023 POLICIAL
2ª PJ de Atalaia,104° DP Atalaia / Atalaia-AL,2ª Entrância,CNMP Nº 279/2023 POLICIAL
PJ de Capela,103º DP Capela / Capela-AL,2ª Entrância,CNMP Nº 279/2023 POLICIAL
1ª PJ de Coruripe,89° DP Coruripe / Coruripe-AL,2ª Entrância,CNMP Nº 279/2023 POLICIAL
3ª PJ de Delmiro Gouveia,26º DP Delmiro Gouveia / Delmiro Gouveia-AL,2ª Entrância,CNMP Nº 279/2023 POLICIAL
PJ de Feira Grande,57° DP Lagoa da Canoa / Lagoa da Canoa-AL,2ª Entrância,CNMP Nº 279/2023 POLICIAL
PJ de Feira Grande,59º DP Feira Grande / Feira Grande-AL,2ª Entrância,CNMP Nº 279/2023 POLICIAL
PJ de Girau do Ponciano,56° DP Girau do Ponciano / Girau do Ponciano-AL,2ª Entrância,CNMP Nº 279/2023 POLICIAL
PJ de Maragogi,92° DP Maragogi / Maragogi-AL,2ª Entrância,CNMP Nº 279/2023 POLICIAL
1ª PJ de Marechal Deodoro,17º Distrito da Capital / Marechal Deodoro-AL,2ª Entrância,CNMP Nº 279/2023 POLICIAL
PJ de Mata Grande,28° DP Mata Grande / Mata Grande-AL,2ª Entrância,CNMP Nº 279/2023 POLICIAL
PJ de Mata Grande,29° DP Inhapi / Inhapi-AL,2ª Entrância,CNMP Nº 279/2023 POLICIAL
PJ de Mata Grande,30° DP Canapi / Canapi-AL,2ª Entrância,CNMP Nº 279/2023 POLICIAL
PJ de Murici,116° DP Murici / Murici-AL,2ª Entrância,CNMP Nº 279/2023 POLICIAL
6ª PJ de Palmeira dos Índios,64° DP Palmeira dos Índios / Palmeira dos Índios-AL,2ª Entrância,CNMP Nº 279/2023 POLICIAL
6ª PJ de Palmeira dos Índios,73° DP Estrela de Alagoas / Estrela de Alagoas-AL,2ª Entrância,CNMP Nº 279/2023 POLICIAL
PJ de Pão de Açúcar,48º Pão de Açúcar / Pão de Açúcar-AL,2ª Entrância,CNMP Nº 279/2023 POLICIAL
PJ de Pilar,23º Distrito da Capital / Pilar-AL,2ª Entrância,CNMP Nº 279/2023 POLICIAL
1ª PJ de Porto Calvo,112º DP Jacuípe / Jacuípe-AL,2ª Entrância,CNMP Nº 279/2023 POLICIAL
1ª PJ de Porto Calvo,91º DP Porto Calvo / Porto Calvo-AL,2ª Entrância,CNMP Nº 279/2023 POLICIAL
4ª PJ de Rio Largo,12º Distrito da Capital / Rio Largo-AL,2ª Entrância,CNMP Nº 279/2023 POLICIAL
4ª PJ de Rio Largo,20° Distrito da Capital / Messias-AL,2ª Entrância,CNMP Nº 279/2023 POLICIAL
4ª PJ de Rio Largo,24º Distrito da Capital / Rio Largo-AL,2ª Entrância,CNMP Nº 279/2023 POLICIAL
4ª PJ de Santana do Ipanema,34° DP Santana do Ipanema / Santana do Ipanema-AL,2ª Entrância,CNMP Nº 279/2023 POLICIAL
PJ de São José da Laje,115° DP São José da Lage / São José da Laje-AL,2ª Entrância,CNMP Nº 279/2023 POLICIAL
PJ de São José da Laje,118º DP Ibateguara / Ibateguara-AL,2ª Entrância,CNMP Nº 279/2023 POLICIAL
PJ de São José da Tapera,38° DP São José da Tapera / São José da Tapera-AL,2ª Entrância,CNMP Nº 279/2023 POLICIAL
PJ de São Luís do Quitunde,93º DP São Luiz do Quitunde / São Luís do Quitunde-AL,2ª Entrância,CNMP Nº 279/2023 POLICIAL
5ª PJ de São Miguel dos Campos,18° Distrito da Capital / Barra de São Miguel-AL,2ª Entrância,CNMP Nº 279/2023 POLICIAL
5ª PJ de São Miguel dos Campos,74° DP São Miguel dos Campos / São Miguel dos Campos-AL,2ª Entrância,CNMP Nº 279/2023 POLICIAL
5ª PJ de São Miguel dos Campos,78° DP Roteiro / Roteiro-AL,2ª Entrância,CNMP Nº 279/2023 POLICIAL
5ª PJ de São Miguel dos Campos,81° DP Jequiá da Praia / Jequiá da Praia-AL,2ª Entrância,CNMP Nº 279/2023 POLICIAL
4ª PJ de União dos Palmares,114° DP União dos Palmares / União dos Palmares-AL,2ª Entrância,CNMP Nº 279/2023 POLICIAL
4ª PJ de União dos Palmares,119° DP Santana do Mundaú / Santana do Mundaú-AL,2ª Entrância,CNMP Nº 279/2023 POLICIAL
PJ de Viçosa,98º DP Viçosa / Viçosa-AL,2ª Entrância,CNMP Nº 279/2023 POLICIAL
PJ de Viçosa,99º DP Chã Preta / Chã Preta-AL,2ª Entrância,CNMP Nº 279/2023 POLICIAL
PJ de Água Branca,27ª DP Água Branca / Água Branca-AL,1ª Entrância,CNMP Nº 279/2023 POLICIAL
PJ de Água Branca,33° DP Pariconha / Pariconha-AL,1ª Entrância,CNMP Nº 279/2023 POLICIAL
PJ de Anadia,77° DP Anadia / Anadia-AL,1ª Entrância,CNMP Nº 279/2023 POLICIAL
PJ de Batalha,44ª DP Batalha / Batalha-AL,1ª Entrância,CNMP Nº 279/2023 POLICIAL
PJ de Batalha,46° DP Jacaré dos Homens / Jacaré dos Homens-AL,1ª Entrância,CNMP Nº 279/2023 POLICIAL
PJ de Boca da Mata,76° DP Boca da Mata / Boca da Mata-AL,1ª Entrância,CNMP Nº 279/2023 POLICIAL
PJ de Campo Alegre,75° DP Campo Alegre / Campo Alegre-AL,1ª Entrância,CNMP Nº 279/2023 POLICIAL
PJ de Cacimbinhas,65° DP Cacimbinhas / Cacimbinhas-AL,1ª Entrância,CNMP Nº 279/2023 POLICIAL
PJ de Cacimbinhas,66° DP Minador do Negrão / Minador do Negrão-AL,1ª Entrância,CNMP Nº 279/2023 POLICIAL
PJ de Cacimbinhas,37° DP Dois Riachos / Dois Riachos-AL,1ª Entrância,CNMP Nº 279/2023 POLICIAL
PJ de Cajueiro,102° DP Cajueiro / Cajueiro-AL,1ª Entrância,CNMP Nº 279/2023 POLICIAL
PJ de Colônia Leopoldina,113° DP Campestre / Campestre-AL,1ª Entrância,CNMP Nº 279/2023 POLICIAL
PJ de Colônia Leopoldina,107° DP Novo Lino / Novo Lino-AL,1ª Entrância,CNMP Nº 279/2023 POLICIAL
PJ de Colônia Leopoldina,108° DP Colônia Leopoldina / Colônia Leopoldina-AL,1ª Entrância,CNMP Nº 279/2023 POLICIAL
PJ de Igaci,67° DP Igaci / Igaci-AL,1ª Entrância,CNMP Nº 279/2023 POLICIAL
PJ de Igreja Nova,84° DP Igreja Nova / Igreja Nova-AL,1ª Entrância,CNMP Nº 279/2023 POLICIAL
PJ de Joaquim Gomes,109° DP Flexeiras / Flexeiras-AL,1ª Entrância,CNMP Nº 279/2023 POLICIAL
PJ de Joaquim Gomes,110° DP Joaquim Gomes / Joaquim Gomes-AL,1ª Entrância,CNMP Nº 279/2023 POLICIAL
PJ de Junqueiro,80° DP Junqueiro / Junqueiro-AL,1ª Entrância,CNMP Nº 279/2023 POLICIAL
PJ de Limoeiro de Anadia,60° DP Limoeiro de Anadia / Limoeiro de Anadia-AL,1ª Entrância,CNMP Nº 279/2023 POLICIAL
PJ de Major Izidoro,51° Major Izidoro / Major Izidoro-AL,1ª Entrância,CNMP Nº 279/2023 POLICIAL
PJ de Maravilha,40° DP Ouro Branco / Ouro Branco-AL,1ª Entrância,CNMP Nº 279/2023 POLICIAL
PJ de Maribondo,101° DP Maribondo / Maribondo-AL,1ª Entrância,CNMP Nº 279/2023 POLICIAL
PJ de Matriz de Camaragibe,90° DP Matriz do Camaragibe / Matriz de Camaragibe-AL,1ª Entrância,CNMP Nº 279/2023 POLICIAL
PJ de Olho D'água das Flores,35º DP Olho d'Água das Flores / Olho d'Água das Flores-AL,1ª Entrância,CNMP Nº 279/2023 POLICIAL
PJ de Paripueira,13º Distrito da Capital / Paripueira-AL,1ª Entrância,CNMP Nº 279/2023 POLICIAL
PJ de Paripueira,19º Distrito da Capital / Barra de Santo Antônio-AL,1ª Entrância,CNMP Nº 279/2023 POLICIAL
PJ de Passo de Camaragibe,94° DP Passo de Camaragibe / Passo de Camaragibe-AL,1ª Entrância,CNMP Nº 279/2023 POLICIAL
PJ de Passo de Camaragibe,95° DP Porto de Pedras / Porto de Pedras-AL,1ª Entrância,CNMP Nº 279/2023 POLICIAL
PJ de Passo de Camaragibe,97° DP São Miguel dos Milagres / São Miguel dos Milagres-AL,1ª Entrância,CNMP Nº 279/2023 POLICIAL
PJ de Piaçabuçu,88° DP Piaçabuçu / Piaçabuçu-AL,1ª Entrância,CNMP Nº 279/2023 POLICIAL
PJ de Piranhas,32º DP Piranhas / Piranhas-AL,1ª Entrância,CNMP Nº 279/2023 POLICIAL
PJ de Porto Real do Colégio,85° DP Porto Real do Colégio / Porto Real do Colégio-AL,1ª Entrância,CNMP Nº 279/2023 POLICIAL
PJ de Quebrangulo,106° DP Paulo Jacinto / Paulo Jacinto-AL,1ª Entrância,CNMP Nº 279/2023 POLICIAL
PJ de Quebrangulo,69° DP Quebrangulo / Quebrangulo-AL,1ª Entrância,CNMP Nº 279/2023 POLICIAL
PJ de Satuba,14º Distrito da Capital / Satuba-AL,1ª Entrância,CNMP Nº 279/2023 POLICIAL
PJ de Satuba,15° Distrito da Capital / Santa Luzia do Norte-AL,1ª Entrância,CNMP Nº 279/2023 POLICIAL
PJ de Satuba,16° Distrito da Capital / Coqueiro Seco-AL,1ª Entrância,CNMP Nº 279/2023 POLICIAL
PJ de São Sebastião,86° DP São Sebastião / São Sebastião-AL,1ª Entrância,CNMP Nº 279/2023 POLICIAL
PJ de Taquarana,72° DP Taquarana / Taquarana-AL,1ª Entrância,CNMP Nº 279/2023 POLICIAL
PJ de Traipu,63º DP Traipu / Traipu-AL,1ª Entrância,CNMP Nº 279/2023 POLICIAL
PJ de Teotônio Vilela,79° DP Teotônio Vilela / Teotônio Vilela-AL,1ª Entrância,CNMP Nº 279/2023 POLICIAL
9ª PJ Arapiraca,Instituto Médico Legal de Arapiraca,3ª Entrância,CNMP Nº 279/2023 POLICIAL
62ª PJ da Capital,Instituto Médico Legal de Maceió / Maceió-AL,3ª Entrância,CNMP Nº 279/2023 POLICIAL
9ª PJ Arapiraca,Instituto de Criminalística – Base do Agreste,3ª Entrância,CNMP Nº 279/2023 POLICIAL
62ª PJ da Capital,Instituto de Criminalística,3ª Entrância,CNMP Nº 279/2023 POLICIAL
62ª PJ da Capital,Instituto de Identificação,3ª Entrância,CNMP Nº 279/2023 POLICIAL
9ª PJ de Arapiraca,CPAI/II-Cmd. de Pol. de Área do Interior II,3ª Entrância,CNMP Nº 279/2023 MILITAR
62ª PJ da Capital,1º BPM-1° Btl de Policía Militar,3ª Entrância,CNMP Nº 279/2023 MILITAR
62° PJ da Capital,4º BPM-4° Btl de Policia Militar,3ª Entrância,CNMP Nº 279/2023 MILITAR
62ª PJ da Capital,5º BPM-5º Btl de Polícia Militar,3ª Entrância,CNMP Nº 279/2023 MILITAR
62° PJ da Capital,5ª Companhia de Policia Militar/Independente (5ª CPM/I)/Maceió-AL,3ª Entrância,CNMP Nº 279/2023 MILITAR
62ª PJ da Capital,12º Batalhão de Policia Militar (12º BPM),3ª Entrância,CNMP Nº 279/2023 MILITAR
62ª PJ da Capital,13º Batalhão de Policia Militar (13º BPM),3ª Entrância,CNMP Nº 279/2023 MILITAR
62° PJ da Capital,APMSAM-Academia de Pol. Militar,3ª Entrância,CNMP Nº 279/2023 MILITAR
62ª PJ da Capital,BOPE - Btl de Op. Pol. Especiais,3ª Entrância,CNMP Nº 279/2023 MILITAR
62ª PJ da Capital,BPABtl de Pol. Ambiental,3ª Entrância,CNMP Nº 279/2023 MILITAR
62ª PJ da Capital,BPEscBtl de Pol. Escolar,3ª Entrância,CNMP Nº 279/2023 MILITAR
62ª PJ da Capital,BPRvBtl. de Pol. Rodoviário,3ª Entrância,CNMP Nº 279/2023 MILITAR
62ª PJ da Capital,BPTran Btl de Pol. de Trânsito,3ª Entrância,CNMP Nº 279/2023 MILITAR
62ª PJ da Capital,Centro Integrado de Assistência,3ª Entrância,CNMP Nº 279/2023 MILITAR
62° PJ da Capital,CASIS/CHPM-Diretoria de Saúde,3ª Entrância,CNMP Nº 279/2023 MILITAR
62ª PJ da Capital,CFAP,3ª Entrância,CNMP Nº 279/2023 MILITAR
62° PJ da Capital,CGDHPC-Centro de Ger. De Crises,3ª Entrância,CNMP Nº 279/2023 MILITAR
62° PJ da Capital,Companhia de Policia Militar/Independente Companhia de Policiamento de Choque (CPChoque),3ª Entrância,CNMP Nº 279/2023 MILITAR
62° PJ da Capital,Companhia de Polícia Militar/Independente - Fazendária (CPM/I-Faz)/Maceió-AL,3ª Entrância,CNMP Nº 279/2023 MILITAR
62° PJ da Capital,Companhia de Policia Militar/Independente Ronda de Ação Intensiva Ostensiva (CPM/I-RAIO) / Maceió-AL,3ª Entrância,CNMP Nº 279/2023 MILITAR
62ª PJ da Capital,Comando De Policiamento Metropolitano (CPMet),3ª Entrância,CNMP Nº 279/2023 MILITAR
62ª PJ da Capital,CPM-Colégio da Policia Militar,3ª Entrância,CNMP Nº 279/2023 MILITAR
62ª PJ da Capital,CORREGEDORIA,3ª Entrância,CNMP Nº 279/2023 MILITAR
62ª PJ da Capital,D.E-Diretoria de Ensino,3ª Entrância,CNMP Nº 279/2023 MILITAR
62ª PJ da Capital,Patrulha Maria da Penha e Grupos Vulneráveis (PMPGV)/Maceió-AL,3ª Entrância,CNMP Nº 279/2023 MILITAR
62ª PJ da Capital,Batalhão de Policia Militar de Ronda Ostensiva Tática Motorizada - ROTAM,3ª Entrância,CNMP Nº 279/2023 MILITAR
62ª PJ da Capital,QCG-Quartel do Comando-Geral,3ª Entrância,CNMP Nº 279/2023 MILITAR
62ª PJ da Capital,RPMon-Reg. de Pol. Montada,3ª Entrância,CNMP Nº 279/2023 MILITAR
2ª PJ de Penedo,11º BPM-11º Btl de Policia Militar,3ª Entrância,CNMP Nº 279/2023 MILITAR
2ª PJ de Atalaia,4ª CIA/INDEPENDENTE,2ª Entrância,CNMP Nº 279/2023 MILITAR
3ª PJ de Delmiro Gouveia,9º BPM-9º Btl de Policia Militar,2ª Entrância,CNMP Nº 279/2023 MILITAR
4ª PJ de Rio Largo,"8"" BPM-8º Btl de Policia Militar",2ª Entrância,CNMP Nº 279/2023 MILITAR
4ª PJ de Santana do Ipanema,7º BPM-7º Btl de Policia Militar,2ª Entrância,CNMP Nº 279/2023 MILITAR
4ª PJ de Santana do Ipanema,CPAI/I-Cmd de Pol. de Área do Interior I,2ª Entrância,CNMP Nº 279/2023 MILITAR
4ª PJ de União dos Palmares,2º BPM-2° Btl de Policia Militar,2ª Entrância,CNMP Nº 279/2023 MILITAR
6ª PJ de Palmeira dos Índios,10° BPM-10º BPM-10º Btl de Policia Militar,2ª Entrância,CNMP Nº 279/2023 MILITAR
PJ de Maragogi,6º BPM-6° Btl de Polícia Militar,2ª Entrância,CNMP Nº 279/2023 MILITAR
5ª PJ de São Miguel dos Campos,1ª CIA/INDEPENDENTE,2ª Entrância,CNMP Nº 279/2023 MILITAR
1ª PJ de Marechal Deodoro,5º CIA/INDEPENDENTE,2ª Entrância,CNMP Nº 279/2023 MILITAR
PJ de São Luiz do Quitunde,CPAI/III-Cmd de Pol. de Área do Interior III,2ª Entrância,CNMP Nº 279/2023 MILITAR
PJ de Joaquim Gomes,14° BPM-14° Btl de Policia Militar,1ª Entrância,CNMP Nº 279/2023 MILITAR
PJ de Paripueira,3ª CIA/INDEPENDENTE,1ª Entrância,CNMP Nº 279/2023 MILITAR
6ª PJ de Arapiraca,ARAPIRACA,3ª Entrância,CNPM Nº 204/2019 LIBERDADE ASSISTIDA E PSC
6ª PJ de Arapiraca,CRAÍBAS,3ª Entrância,CNPM Nº 204/2019 LIBERDADE ASSISTIDA E PSC
12ª PJ da Capital,MACEIÓ,3ª Entrância,CNPM Nº 204/2019 LIBERDADE ASSISTIDA E PSC
1ª PJ de Penedo,PENEDO,3ª Entrância,CNPM Nº 204/2019 LIBERDADE ASSISTIDA E PSC
1ª PJ de Atalaia,ATALAIA,2ª Entrância,CNPM Nº 204/2019 LIBERDADE ASSISTIDA E PSC
1ª PJ de São Miguel dos Campos,BARRA DE SÃO MIGUEL,2ª Entrância,CNPM Nº 204/2019 LIBERDADE ASSISTIDA E PSC
PJ de Murici,BRANQUINHA,2ª Entrância,CNPM Nº 204/2019 LIBERDADE ASSISTIDA E PSC
PJ de Girau do Ponciano,CAMPO GRANDE,2ª Entrância,CNPM Nº 204/2019 LIBERDADE ASSISTIDA E PSC
PJ de Mata Grande,CANAPI,2ª Entrância,CNPM Nº 204/2019 LIBERDADE ASSISTIDA E PSC
PJ de Capela,CAPELA,2ª Entrância,CNPM Nº 204/2019 LIBERDADE ASSISTIDA E PSC
PJ de São José da Tapera,CARNEIROS,2ª Entrância,CNPM Nº 204/2019 LIBERDADE ASSISTIDA E PSC
PJ de Viçosa,CHÃ PRETA,2ª Entrância,CNPM Nº 204/2019 LIBERDADE ASSISTIDA E PSC
1ª PJ de Coruripe,CORURIPE,2ª Entrância,CNPM Nº 204/2019 LIBERDADE ASSISTIDA E PSC
1ª PJ de Delmiro Gouveia,DELMIRO GOUVEIA,2ª Entrância,CNPM Nº 204/2019 LIBERDADE ASSISTIDA E PSC
1ª PJ de Palmeira dos Índios,ESTRELA DE ALAGOAS,2ª Entrância,CNPM Nº 204/2019 LIBERDADE ASSISTIDA E PSC
PJ de Feira Grande,FEIRA GRANDE,2ª Entrância,CNPM Nº 204/2019 LIBERDADE ASSISTIDA E PSC
PJ de Girau do Ponciano,GIRAU DO PONCIANO,2ª Entrância,CNPM Nº 204/2019 LIBERDADE ASSISTIDA E PSC
PJ de São José da Laje,IBATEGUARA,2ª Entrância,CNPM Nº 204/2019 LIBERDADE ASSISTIDA E PSC
PJ de Mata Grande,INHAPI,2ª Entrância,CNPM Nº 204/2019 LIBERDADE ASSISTIDA E PSC
1ª PJ de Porto Calvo,JACUÍPE,2ª Entrância,CNPM Nº 204/2019 LIBERDADE ASSISTIDA E PSC
1ª PJ de Porto Calvo,JAPARATINGA,2ª Entrância,CNPM Nº 204/2019 LIBERDADE ASSISTIDA E PSC
1ª PJ de São Miguel dos Campos,JEQUIÁ DA PRAIA,2ª Entrância,CNPM Nº 204/2019 LIBERDADE ASSISTIDA E PSC
1ª PJ de Porto Calvo,JUNDIÁ,2ª Entrância,CNPM Nº 204/2019 LIBERDADE ASSISTIDA E PSC
PJ de Feira Grande,LAGOA DA CANOA,2ª Entrância,CNPM Nº 204/2019 LIBERDADE ASSISTIDA E PSC
PJ de Maragogi,MARAGOGI,2ª Entrância,CNPM Nº 204/2019 LIBERDADE ASSISTIDA E PSC
PJ de Viçosa,MAR VERMELHO,2ª Entrância,CNPM Nº 204/2019 LIBERDADE ASSISTIDA E PSC
1ª PJ de Marechal Deodoro,MARECHAL DEODORO,2ª Entrância,CNPM Nº 204/2019 LIBERDADE ASSISTIDA E PSC
PJ de Mata Grande,MATA GRANDE,2ª Entrância,CNPM Nº 204/2019 LIBERDADE ASSISTIDA E PSC
PJ de Murici,MURICI,2ª Entrância,CNPM Nº 204/2019 LIBERDADE ASSISTIDA E PSC
3ª PJ de Santana do Ipanema,OLIVENÇA,2ª Entrância,CNPM Nº 204/2019 LIBERDADE ASSISTIDA E PSC
PJ de Pão de Açúcar,PALESTINA,2ª Entrância,CNPM Nº 204/2019 LIBERDADE ASSISTIDA E PSC
1ª PJ de Palmeira dos Índios,PALMEIRA DOS ÍNDIOS,2ª Entrância,CNPM Nº 204/2019 LIBERDADE ASSISTIDA E PSC
PJ de Pão de Açúcar,PÃO DE AÇÚCAR,2ª Entrância,CNPM Nº 204/2019 LIBERDADE ASSISTIDA E PSC
PJ Pilar,PILAR,2ª Entrância,CNPM Nº 204/2019 LIBERDADE ASSISTIDA E PSC
3ª PJ de Santana do Ipanema,POÇO DAS TRINCHEIRAS,2ª Entrância,CNPM Nº 204/2019 LIBERDADE ASSISTIDA E PSC
1ª PJ de Porto Calvo,PORTO CALVO,2ª Entrância,CNPM Nº 204/2019 LIBERDADE ASSISTIDA E PSC
1ª PJ de Rio Largo,RIO LARGO,2ª Entrância,CNPM Nº 204/2019 LIBERDADE ASSISTIDA E PSC
1ª PJ de São Miguel dos Campos,ROTEIRO,2ª Entrância,CNPM Nº 204/2019 LIBERDADE ASSISTIDA E PSC
3ª PJ de Santana do Ipanema,SANTANA DO IPANEMA,2ª Entrância,CNPM Nº 204/2019 LIBERDADE ASSISTIDA E PSC
1ª PJ de União dos Palmares,SANTANA DO MUNDAÚ,2ª Entrância,CNPM Nº 204/2019 LIBERDADE ASSISTIDA E PSC
PJ de São José da Laje,SÃO JOSÉ DA LAJE,2ª Entrância,CNPM Nº 204/2019 LIBERDADE ASSISTIDA E PSC
PJ de São José da Tapera,SÃO JOSÉ DA TAPERA,2ª Entrância,CNPM Nº 204/2019 LIBERDADE ASSISTIDA E PSC
PJ de São Luiz do Quitunde,SÃO LUÍS DO QUITUNDE,2ª Entrância,CNPM Nº 204/2019 LIBERDADE ASSISTIDA E PSC
1ª PJ de São Miguel dos Campos,SÃO MIGUEL DOS CAMPOS,2ª Entrância,CNPM Nº 204/2019 LIBERDADE ASSISTIDA E PSC
PJ de São José da Tapera,SENADOR RUI PALMEIRA,2ª Entrância,CNPM Nº 204/2019 LIBERDADE ASSISTIDA E PSC
1ª PJ de União dos Palmares,UNIÃO DOS PALMARES,2ª Entrância,CNPM Nº 204/2019 LIBERDADE ASSISTIDA E PSC
PJ de Viçosa,VIÇOSA,2ª Entrância,CNPM Nº 204/2019 LIBERDADE ASSISTIDA E PSC
PJ de Água Branca,ÁGUA BRANCA,1ª Entrância,CNPM Nº 204/2019 LIBERDADE ASSISTIDA E PSC
PJ de Água Branca,PARICONHA,1ª Entrância,CNPM Nº 204/2019 LIBERDADE ASSISTIDA E PSC
PJ de Anadia,ANADIA,1ª Entrância,CNPM Nº 204/2019 LIBERDADE ASSISTIDA E PSC
PJ de Anadia,TANQUE D'ARCA,1ª Entrância,CNPM Nº 204/2019 LIBERDADE ASSISTIDA E PSC
PJ de Batalha,BATALHA,1ª Entrância,CNPM Nº 204/2019 LIBERDADE ASSISTIDA E PSC
PJ de Batalha,BELO MONTE,1ª Entrância,CNPM Nº 204/2019 LIBERDADE ASSISTIDA E PSC
PJ de Batalha,JACARÉ DOS HOMENS,1ª Entrância,CNPM Nº 204/2019 LIBERDADE ASSISTIDA E PSC
PJ de Boca da Mata,BOCA DA MATA,1ª Entrância,CNPM Nº 204/2019 LIBERDADE ASSISTIDA E PSC
PJ de Cacimbinhas,CACIMBINHAS,1ª Entrância,CNPM Nº 204/2019 LIBERDADE ASSISTIDA E PSC
PJ de Cacimbinhas,DOIS RIACHOS,1ª Entrância,CNPM Nº 204/2019 LIBERDADE ASSISTIDA E PSC
PJ de Cacimbinhas,MINADOR DO NEGRÃO,1ª Entrância,CNPM Nº 204/2019 LIBERDADE ASSISTIDA E PSC
PJ de Cajueiro,CAJUEIRO,1ª Entrância,CNPM Nº 204/2019 LIBERDADE ASSISTIDA E PSC
PJ de Campo Alegre,CAMPO ALEGRE,1ª Entrância,CNPM Nº 204/2019 LIBERDADE ASSISTIDA E PSC
PJ de Colônia Leopoldina,CAMPESTRE,1ª Entrância,CNPM Nº 204/2019 LIBERDADE ASSISTIDA E PSC
PJ de Colônia Leopoldina,COLÔNIA LEOPOLDINA,1ª Entrância,CNPM Nº 204/2019 LIBERDADE ASSISTIDA E PSC
PJ de Colônia Leopoldina,NOVO LINO,1ª Entrância,CNPM Nº 204/2019 LIBERDADE ASSISTIDA E PSC
PJ de Igaci,IGACI,1ª Entrância,CNPM Nº 204/2019 LIBERDADE ASSISTIDA E PSC
PJ de Igreja Nova,IGREJA NOVA,1ª Entrância,CNPM Nº 204/2019 LIBERDADE ASSISTIDA E PSC
PJ de Joaquim Gomes,FLEXEIRAS,1ª Entrância,CNPM Nº 204/2019 LIBERDADE ASSISTIDA E PSC
PJ de Joaquim Gomes,JOAQUIM GOMES,1ª Entrância,CNPM Nº 204/2019 LIBERDADE ASSISTIDA E PSC
PJ de Junqueiro,JUNQUEIRO,1ª Entrância,CNPM Nº 204/2019 LIBERDADE ASSISTIDA E PSC
PJ de Limoeiro de Anadia,LIMOEIRO DE ANADIA,1ª Entrância,CNPM Nº 204/2019 LIBERDADE ASSISTIDA E PSC
PJ de Major Izidoro,MAJOR ISIDORO,1ª Entrância,CNPM Nº 204/2019 LIBERDADE ASSISTIDA E PSC
PJ de Major Izidoro,JARAMATAIA,1ª Entrância,CNPM Nº 204/2019 LIBERDADE ASSISTIDA E PSC
PJ de Maravilha,MARAVILHA,1ª Entrância,CNPM Nº 204/2019 LIBERDADE ASSISTIDA E PSC
PJ de Maravilha,OURO BRANCO,1ª Entrância,CNPM Nº 204/2019 LIBERDADE ASSISTIDA E PSC
PJ de Maribondo,MARIBONDO,1ª Entrância,CNPM Nº 204/2019 LIBERDADE ASSISTIDA E PSC
PJ de Maribondo,PINDOBA,1ª Entrância,CNPM Nº 204/2019 LIBERDADE ASSISTIDA E PSC
PJ de Matriz de Camaragibe,MATRIZ DE CAMARAGIBE,1ª Entrância,CNPM Nº 204/2019 LIBERDADE ASSISTIDA E PSC
PJ de Olho D'Água das Flores,MONTEIRÓPOLIS,1ª Entrância,CNPM Nº 204/2019 LIBERDADE ASSISTIDA E PSC
PJ de Olho D'Água das Flores,OLHO D'ÁGUA DAS FLORES,1ª Entrância,CNPM Nº 204/2019 LIBERDADE ASSISTIDA E PSC
PJ de Paripueira,BARRA DE SANTO ANTÔNIO,1ª Entrância,CNPM Nº 204/2019 LIBERDADE ASSISTIDA E PSC
PJ de Paripueira,PARIPUEIRA,1ª Entrância,CNPM Nº 204/2019 LIBERDADE ASSISTIDA E PSC
PJ de Passo de Camaragibe,PASSO DE CAMARAGIBE,1ª Entrância,CNPM Nº 204/2019 LIBERDADE ASSISTIDA E PSC
PJ Passo de Camaragibe,PORTO DE PEDRAS,1ª Entrância,CNPM Nº 204/2019 LIBERDADE ASSISTIDA E PSC
PJ Passo de Camaragibe,SÃO MIGUEL DOS MILAGRES,1ª Entrância,CNPM Nº 204/2019 LIBERDADE ASSISTIDA E PSC
PJ de Piaçabuçu,FELIZ DESERTO,1ª Entrância,CNPM Nº 204/2019 LIBERDADE ASSISTIDA E PSC
PJ de Piaçabuçu,PIAÇABUÇU,1ª Entrância,CNPM Nº 204/2019 LIBERDADE ASSISTIDA E PSC
PJ Piranhas,OLHO D' ÁGUA DO CASADO,1ª Entrância,CNPM Nº 204/2019 LIBERDADE ASSISTIDA E PSC
PJ de Piranhas,PIRANHAS,1ª Entrância,CNPM Nº 204/2019 LIBERDADE ASSISTIDA E PSC
PJ de Porto Real do Colégio,OLHO D' ÁGUA GRANDE,1ª Entrância,CNPM Nº 204/2019 LIBERDADE ASSISTIDA E PSC
PJ de Porto Real do Colégio,PORTO REAL DO COLÉGIO,1ª Entrância,CNPM Nº 204/2019 LIBERDADE ASSISTIDA E PSC
PJ de Porto Real do Colégio,SÃO BRÁS,1ª Entrância,CNPM Nº 204/2019 LIBERDADE ASSISTIDA E PSC
PJ de Quebrangulo,PAULO JACINTO,1ª Entrância,CNPM Nº 204/2019 LIBERDADE ASSISTIDA E PSC
PJ de Quebrangulo,QUEBRANGULO,1ª Entrância,CNPM Nº 204/2019 LIBERDADE ASSISTIDA E PSC
PJ Satuba,SANTA LUZIA DO NORTE,1ª Entrância,CNPM Nº 204/2019 LIBERDADE ASSISTIDA E PSC
PJ de Satuba,SATUBA,1ª Entrância,CNPM Nº 204/2019 LIBERDADE ASSISTIDA E PSC
PJ de Satuba,COQUEIRO SECO,1ª Entrância,CNPM Nº 204/2019 LIBERDADE ASSISTIDA E PSC
PJ de São Sebastião,SÃO SEBASTIÃO,1ª Entrância,CNPM Nº 204/2019 LIBERDADE ASSISTIDA E PSC
PJ de Taquarana,BELÉM,1ª Entrância,CNPM Nº 204/2019 LIBERDADE ASSISTIDA E PSC
PJ de Taquarana,COITÉ DO NOIA,1ª Entrância,CNPM Nº 204/2019 LIBERDADE ASSISTIDA E PSC
PJ de Taquarana,TAQUARANA,1ª Entrância,CNPM Nº 204/2019 LIBERDADE ASSISTIDA E PSC
PJ de Teotônio Vilela,TEOTÔNIO VILELA,1ª Entrância,CNPM Nº 204/2019 LIBERDADE ASSISTIDA E PSC
PJ Traipu,TRAIPU,1ª Entrância,CNPM Nº 204/2019 LIBERDADE ASSISTIDA E PSC
PJ de Messias,MESSIAS,1ª Entrância,CNPM Nº 204/2019 LIBERDADE ASSISTIDA E PSC
6ª PJ de Arapiraca,Associação Lar São Domingos Sávio,3ª Entrância,CNPM Nº 293/2024 ACOLHIMENTO INSTITUCIONAL
6ª PJ de Arapiraca,Associação Mãe Rainha,3ª Entrância,CNPM Nº 293/2024 ACOLHIMENTO INSTITUCIONAL
6ª PJ de Arapiraca,Abrigo Institucional Maria das Neves Borges,3ª Entrância,CNPM Nº 293/2024 ACOLHIMENTO INSTITUCIONAL
6ª PJ de Arapiraca,Abrigo Institucional Simone Emídio,3ª Entrância,CNPM Nº 293/2024 ACOLHIMENTO INSTITUCIONAL
1ª PJ de Penedo,Abrigo Institucional de Penedo,3ª Entrância,CNPM Nº 293/2024 ACOLHIMENTO INSTITUCIONAL
1ª PJ de Penedo,Instituto Aldo de Melo Brandão,3ª Entrância,CNPM Nº 293/2024 ACOLHIMENTO INSTITUCIONAL
13ª PJ da Capital,Casa Lar SEMDES Maceió,3ª Entrância,CNPM Nº 293/2024 ACOLHIMENTO INSTITUCIONAL
13ª PJ da Capital,Laca – Lar de Amparo à Crianças para Adoção,3ª Entrância,CNPM Nº 293/2024 ACOLHIMENTO INSTITUCIONAL
13ª PJ da Capital,Lar Batista Marcolina Magalhães,3ª Entrância,CNPM Nº 293/2024 ACOLHIMENTO INSTITUCIONAL
13ª PJ da Capital,Serviço de Acolhimento Institucional Acolher,3ª Entrância,CNPM Nº 293/2024 ACOLHIMENTO INSTITUCIONAL
44ª PJ da Capital,Associação Espírita Nosso Lar,3ª Entrância,CNPM Nº 293/2024 ACOLHIMENTO INSTITUCIONAL
44ª PJ da Capital,Casa de Adoção Rubens Colaço,3ª Entrância,CNPM Nº 293/2024 ACOLHIMENTO INSTITUCIONAL
44ª PJ da Capital,Casa de Passagem Feminina Luzinete Soares de Almeida,3ª Entrância,CNPM Nº 293/2024 ACOLHIMENTO INSTITUCIONAL
1ª PJ de Atalaia,Casa de Acolhimento da Regional José Alberto Gomes de Oliveira – Região Vale do Paraíba – Sede II,2ª Entrância,CNPM Nº 293/2024 ACOLHIMENTO INSTITUCIONAL
1ª PJ de Coruripe,Unidade de Acolhimento Institucional de Crianças e Adolescentes,2ª Entrância,CNPM Nº 293/2024 ACOLHIMENTO INSTITUCIONAL
1ª PJ de Delmiro Gouveia,Casa de Acolhimento Monsenhor Fernando Soares Vieira – Região Alto Sertão,2ª Entrância,CNPM Nº 293/2024 ACOLHIMENTO INSTITUCIONAL
PJ de Feira Grande,Casa Lar: Abrigo Aqui Sou Feliz – Região do Agreste A,2ª Entrância,CNPM Nº 293/2024 ACOLHIMENTO INSTITUCIONAL
PJ de Maragogi,Casa de Acolhimento Professora Elza Lira – Região Norte,2ª Entrância,CNPM Nº 293/2024 ACOLHIMENTO INSTITUCIONAL
PJ de Murici,Casa de Acolhimento Dival Aragão,2ª Entrância,CNPM Nº 293/2024 ACOLHIMENTO INSTITUCIONAL
PJ de Pilar,Abrigo Casa Lar,2ª Entrância,CNPM Nº 293/2024 ACOLHIMENTO INSTITUCIONAL
1ª PJ de Palmeira dos Índios,Serviço de Acolhimento Institucional de Palmeira dos Índios – Casa da Esperança,2ª Entrância,CNPM Nº 293/2024 ACOLHIMENTO INSTITUCIONAL
1ª PJ de Rio Largo,Casa Lar Rio Largo,2ª Entrância,CNPM Nº 293/2024 ACOLHIMENTO INSTITUCIONAL
1ª PJ de São Miguel dos Campos,Unidade de Acolhimento Casa – Lar São Miguel dos Campos,2ª Entrância,CNPM Nº 293/2024 ACOLHIMENTO INSTITUCIONAL
PJ de São José da Tapera,Casa de Acolhimento Regional Irmã Redempta – Região Bacia Leiteira,2ª Entrância,CNPM Nº 293/2024 ACOLHIMENTO INSTITUCIONAL
3ª PJ de Santana do Ipanema,Casa do Menor São Miguel do Arcanjo / Santana do Ipanema-AL,2ª Entrância,CNPM Nº 293/2024 ACOLHIMENTO INSTITUCIONAL
3ª PJ de Santana do Ipanema,Casa de Acolhimento Regional Maria Nanete Oliveira Silva – Região Médio Sertão,2ª Entrância,CNPM Nº 293/2024 ACOLHIMENTO INSTITUCIONAL
1ª PJ de União dos Palmares,Unidade de Acolhimento Institucional Casa Lar,2ª Entrância,CNPM Nº 293/2024 ACOLHIMENTO INSTITUCIONAL
1ª PJ de Marechal Deodoro,Casa de Passagem – Projeto Aconchego,2ª Entrância,CNPM Nº 293/2024 ACOLHIMENTO INSTITUCIONAL
PJ de Boca da Mata,Unidade de Atendimento Kayki Tavares Rosa – Casa Lar,1ª Entrância,CNPM Nº 293/2024 ACOLHIMENTO INSTITUCIONAL
PJ de Cajueiro,Casa de Acolhimento da Região do Vale do Paraíba – Sede I,1ª Entrância,CNPM Nº 293/2024 ACOLHIMENTO INSTITUCIONAL
PJ de Campo Alegre,Casa de Passagem Hélio Vieira Gama – Região Agreste B – Sede p/adolescentes,1ª Entrância,CNPM Nº 293/2024 ACOLHIMENTO INSTITUCIONAL
PJ de Piaçabuçu,Internato Professor Joaquim Aristóteles,1ª Entrância,CNPM Nº 293/2024 ACOLHIMENTO INSTITUCIONAL
PJ de Teotônio Vilela,Abrigo Regional Caminho Legal Região do Agreste B – Sede II p/crianças,1ª Entrância,CNPM Nº 293/2024 ACOLHIMENTO INSTITUCIONAL
51ª PJ Da Capital,CASA DE CUSTÓDIA DE MACEIÓ – Maceió,3º Entrância,CNMP Nº 277/2023 ESTABELECIMENTOS PRISIONAIS
51ª PJ Da Capital,CENTRO PSIQUIÁTRICO JUDICIÁRIO PEDRO MARINHO SURUAGY – Maceió,3º Entrância,CNMP Nº 277/2023 ESTABELECIMENTOS PRISIONAIS
51ª PJ Da Capital,ESTABELECIMENTO RUBENS BRAGA QUINTELLA CAVALCANTI – NÚCLEO RESSOCIALIZADOR DA CAPITAL – Maceió,3º Entrância,CNMP Nº 277/2023 ESTABELECIMENTOS PRISIONAIS
51ª PJ Da Capital,PENITENCIÁRIA MASCULINA BALDOMERO CAVALCANTE DE OLIVEIRA – Maceió,3º Entrância,CNMP Nº 277/2023 ESTABELECIMENTOS PRISIONAIS
51ª PJ Da Capital,PRESÍDIO DE SEGURANÇA MÉDIA CIRYDIÃO DURVAL – Maceió,3º Entrância,CNMP Nº 277/2023 ESTABELECIMENTOS PRISIONAIS
51ª PJ Da Capital,PRESÍDIO DE SEGURANÇA MÁXIMA – PSM – Maceió,3º Entrância,CNMP Nº 277/2023 ESTABELECIMENTOS PRISIONAIS
51ª PJ Da Capital,PRESÍDIO DO AGRESTE – PA – Girau do Ponciano,3º Entrância,CNMP Nº 277/2023 ESTABELECIMENTOS PRISIONAIS
51ª PJ Da Capital,PRESÍDIO FEMININO SANTA LUZIA – Maceió,3º Entrância,CNMP Nº 277/2023 ESTABELECIMENTOS PRISIONAIS
51ª PJ Da Capital,PENITENCIÁRIA DE SEGURANÇA MÁXIMA – Maceió,3º Entrância,CNMP Nº 277/2023 ESTABELECIMENTOS PRISIONAIS
51ª PJ Da Capital,PENITENCIÁRIA DE SEGURANÇA MÁXIMA,3º Entrância,CNMP Nº 277/2023 ESTABELECIMENTOS PRISIONAIS
51ª PJ Da Capital,PRESÍDIO MILITAR MAJOR PM JOÃO KYLLDERIS CARDOSO MOREIRA – Maceió,3º Entrância,CNMP Nº 277/2023 ESTABELECIMENTOS PRISIONAIS
13ª PJ da Capital,Serviço de Acolhimento em Família Acolhedora.,3º Entrância,CNMP Nº 293/2024 FAMÍLIA ACOLHEDORA 
3ª PJ de Penedo,Associação Beneficente Dr. Joaquim Peixoto – Lar José,3º Entrância,CNMP nº 154/2016 IDOSOS
25ª PJ Da Capital,Associação Acolhimento Mãe das Graças,3º Entrância,CNMP nº 154/2016 IDOSOS
25ª PJ Da Capital,Associação Amigos em Ação,3º Entrância,CNMP nº 154/2016 IDOSOS
25ª PJ Da Capital,Associação Católica Casa de Ranquines,3º Entrância,CNMP nº 154/2016 IDOSOS
25ª PJ Da Capital,Abrigo Maria Júlia de Miranda,3º Entrância,CNMP nº 154/2016 IDOSOS
25ª PJ Da Capital,Abrigo Irmão Clarêncio,3º Entrância,CNMP nº 154/2016 IDOSOS
25ª PJ Da Capital,Bonna Vitta Casa de Repouso (Jacarecica),3º Entrância,CNMP nº 154/2016 IDOSOS
25ª PJ Da Capital,Bonna Vitta Casa de Repouso (Murilópolis),3º Entrância,CNMP nº 154/2016 IDOSOS
25ª PJ Da Capital,Bonna Vitta Casa de Repouso (Cruz das Almas),3º Entrância,CNMP nº 154/2016 IDOSOS
25ª PJ Da Capital,Casa do Pobre de Maceió,3º Entrância,CNMP nº 154/2016 IDOSOS
25ª PJ Da Capital,Casa Lar Deus é Amor I (Prado),3º Entrância,CNMP nº 154/2016 IDOSOS
25ª PJ Da Capital,Casa Lar Deus é Amor II,3º Entrância,CNMP nº 154/2016 IDOSOS
25ª PJ Da Capital,Casa da Velhice Luiza de Marillac,3º Entrância,CNMP nº 154/2016 IDOSOS
25ª PJ Da Capital,Lar Evangélico Pastor Espiridião de Almeida – Leal,3º Entrância,CNMP nº 154/2016 IDOSOS
25ª PJ Da Capital,Lar Francisco de Assis,3º Entrância,CNMP nº 154/2016 IDOSOS
25ª PJ Da Capital,Lar São Vicente de Paulo,3º Entrância,CNMP nº 154/2016 IDOSOS
25ª PJ Da Capital,Residência Geriátrica Bem Viver,3º Entrância,CNMP nº 154/2016 IDOSOS
25ª PJ Da Capital,Residência São Luiz Para Idosos (Unidade Feminina),3º Entrância,CNMP nº 154/2016 IDOSOS
25ª PJ Da Capital,Lar Bom Samaritano Pastor Tavares,3º Entrância,CNMP nº 154/2016 IDOSOS
25ª PJ Da Capital,Cidade da Pessoa Idosa,3º Entrância,CNMP nº 154/2016 IDOSOS
25ª PJ Da Capital,Associação Geriátrica Residência Assistida Divino Espírito Santo,3º Entrância,CNMP nº 154/2016 IDOSOS
25ª PJ Da Capital,Aconchego Laços de Família,3º Entrância,CNMP nº 154/2016 IDOSOS
25ª PJ Da Capital,Casa de Repouso Raízes da Vida,3º Entrância,CNMP nº 154/2016 IDOSOS
25ª PJ Da Capital,ILPI Lar de Idosos Emanuel,3º Entrância,CNMP nº 154/2016 IDOSOS
2ª PJ de Santana do Ipanema,Sociedade São Vicente de Paula,2º Entrância,CNMP nº 154/2016 IDOSOS
2ª PJ de União dos Palmares,Casa do Idoso Santo Antônio,2º Entrância,CNMP nº 154/2016 IDOSOS
PJ Pilar,Unidade de Acolhimento de Longa Permanência para Idosos – Auta Rocha dos Santos,2º Entrância,CNMP nº 154/2016 IDOSOS
12ª PJ da Capital,EXTENSÃO UIME II – Unidade de Internação Masculina Extensão II,3º Entrância,CNMP nº 321/2025 INTERNAÇÃO 
12ª PJ Da Capital,EXTENSÃO UIME III – Unidade de Internação Masculina Extensão III,3º Entrância,CNMP nº 321/2025 INTERNAÇÃO 
12ª PJ Da Capital,Unidade de Internação Feminina,3º Entrância,CNMP nº 321/2025 INTERNAÇÃO 
12ª PJ Da Capital,Unidade de Internação Masculina (UIM),3º Entrância,CNMP nº 321/2025 INTERNAÇÃO 
12ª PJ Da Capital,Unidade de Internação Masculina II – UIM II,3º Entrância,CNMP nº 321/2025 INTERNAÇÃO 
12ª PJ Da Capital,Unidade de Internação Masculina – Extensão (UIME),3º Entrância,CNMP nº 321/2025 INTERNAÇÃO 
12ª PJ Da Capital,Unidade de Internação Provisória Masculina da Capital – UIPM Capital,3º Entrância,CNMP nº 321/2025 INTERNAÇÃO 
12ª PJ Da Capital,Unidade de Internação de Jovens e Adolescentes (UIJA) / Maceió-AL,3º Entrância,CNMP nº 321/2025 INTERNAÇÃO 
12ª PJ Da Capital,Unidade de Internação de Jovens e Adultos – UIJA II / Maceió-AL,3º Entrância,CNMP nº 321/2025 INTERNAÇÃO 
12ª PJ Da Capital,Unidade de Internação de Jovens e Adultos – UIJA III / Maceió-AL,3º Entrância,CNMP nº 321/2025 INTERNAÇÃO 
PJ de Pilar,Unidade de Internação Masculina Provisória de Pilar,2º Entrância,CNMP nº 321/2025 INTERNAÇÃO 
12ª PJ Da Capital,Unidade de Semiliberdade Masculina – USM – Graça Torta – AL ,3º Entrância,CNMP nº 321/2025 SEMILIBERDADE
1ª PJ de Rio Largo,Unidade de Semiliberdade Sagrada Família,2º Entrância,CNMP nº 321/2025 SEMILIBERDADE
